--
-- PostgreSQL database dump
--

\restrict j795dqD1CVdfHAQDAjGhvHUsiNjKN3Y6yYncaRrLV3t1XiV9JhMFfHXQmokjIov

-- Dumped from database version 15.17 (Homebrew)
-- Dumped by pg_dump version 15.17 (Homebrew)

SET statement_timeout = 0;
SET lock_timeout = 0;
SET idle_in_transaction_session_timeout = 0;
SET client_encoding = 'UTF8';
SET standard_conforming_strings = on;
SELECT pg_catalog.set_config('search_path', '', false);
SET check_function_bodies = false;
SET xmloption = content;
SET client_min_messages = warning;
SET row_security = off;

SET default_tablespace = '';

SET default_table_access_method = heap;

--
-- Name: api_rate_limits; Type: TABLE; Schema: public; Owner: joanadias
--

CREATE TABLE public.api_rate_limits (
    id bigint NOT NULL,
    service_name character varying(50) NOT NULL,
    api_model_name character varying(50) NOT NULL,
    metric_name character varying(100) NOT NULL,
    limit_value integer NOT NULL,
    current_usage integer DEFAULT 0,
    reset_after_seconds numeric(10,3),
    last_checked_at timestamp with time zone DEFAULT CURRENT_TIMESTAMP,
    next_allowed_at timestamp with time zone,
    created_at timestamp with time zone DEFAULT CURRENT_TIMESTAMP,
    updated_at timestamp with time zone DEFAULT CURRENT_TIMESTAMP
);


ALTER TABLE public.api_rate_limits OWNER TO joanadias;

--
-- Name: api_rate_limits_id_seq; Type: SEQUENCE; Schema: public; Owner: joanadias
--

CREATE SEQUENCE public.api_rate_limits_id_seq
    START WITH 1
    INCREMENT BY 1
    NO MINVALUE
    NO MAXVALUE
    CACHE 1;


ALTER TABLE public.api_rate_limits_id_seq OWNER TO joanadias;

--
-- Name: api_rate_limits_id_seq; Type: SEQUENCE OWNED BY; Schema: public; Owner: joanadias
--

ALTER SEQUENCE public.api_rate_limits_id_seq OWNED BY public.api_rate_limits.id;


--
-- Name: ar_internal_metadata; Type: TABLE; Schema: public; Owner: joanadias
--

CREATE TABLE public.ar_internal_metadata (
    key character varying NOT NULL,
    value character varying,
    created_at timestamp(6) without time zone NOT NULL,
    updated_at timestamp(6) without time zone NOT NULL
);


ALTER TABLE public.ar_internal_metadata OWNER TO joanadias;

--
-- Name: chats; Type: TABLE; Schema: public; Owner: joanadias
--

CREATE TABLE public.chats (
    id bigint NOT NULL,
    created_at timestamp(6) without time zone NOT NULL,
    stack_id bigint,
    title character varying,
    updated_at timestamp(6) without time zone NOT NULL,
    user_id bigint NOT NULL
);


ALTER TABLE public.chats OWNER TO joanadias;

--
-- Name: chats_id_seq; Type: SEQUENCE; Schema: public; Owner: joanadias
--

CREATE SEQUENCE public.chats_id_seq
    START WITH 1
    INCREMENT BY 1
    NO MINVALUE
    NO MAXVALUE
    CACHE 1;


ALTER TABLE public.chats_id_seq OWNER TO joanadias;

--
-- Name: chats_id_seq; Type: SEQUENCE OWNED BY; Schema: public; Owner: joanadias
--

ALTER SEQUENCE public.chats_id_seq OWNED BY public.chats.id;


--
-- Name: failed_api_calls; Type: TABLE; Schema: public; Owner: joanadias
--

CREATE TABLE public.failed_api_calls (
    id bigint NOT NULL,
    user_id bigint,
    service_name character varying(50) NOT NULL,
    api_model_name character varying(50) NOT NULL,
    request_payload jsonb,
    error_message text,
    retry_count integer DEFAULT 0,
    max_retries integer DEFAULT 3,
    status character varying(20) DEFAULT 'pending'::character varying,
    next_retry_at timestamp with time zone,
    created_at timestamp with time zone DEFAULT CURRENT_TIMESTAMP,
    updated_at timestamp with time zone DEFAULT CURRENT_TIMESTAMP
);


ALTER TABLE public.failed_api_calls OWNER TO joanadias;

--
-- Name: failed_api_calls_id_seq; Type: SEQUENCE; Schema: public; Owner: joanadias
--

CREATE SEQUENCE public.failed_api_calls_id_seq
    START WITH 1
    INCREMENT BY 1
    NO MINVALUE
    NO MAXVALUE
    CACHE 1;


ALTER TABLE public.failed_api_calls_id_seq OWNER TO joanadias;

--
-- Name: failed_api_calls_id_seq; Type: SEQUENCE OWNED BY; Schema: public; Owner: joanadias
--

ALTER SEQUENCE public.failed_api_calls_id_seq OWNED BY public.failed_api_calls.id;


--
-- Name: messages; Type: TABLE; Schema: public; Owner: joanadias
--

CREATE TABLE public.messages (
    id bigint NOT NULL,
    chat_id bigint NOT NULL,
    content text,
    created_at timestamp(6) without time zone NOT NULL,
    role character varying,
    updated_at timestamp(6) without time zone NOT NULL,
    thinking_text text,
    thinking_signature text,
    thinking_tokens integer
);


ALTER TABLE public.messages OWNER TO joanadias;

--
-- Name: messages_id_seq; Type: SEQUENCE; Schema: public; Owner: joanadias
--

CREATE SEQUENCE public.messages_id_seq
    START WITH 1
    INCREMENT BY 1
    NO MINVALUE
    NO MAXVALUE
    CACHE 1;


ALTER TABLE public.messages_id_seq OWNER TO joanadias;

--
-- Name: messages_id_seq; Type: SEQUENCE OWNED BY; Schema: public; Owner: joanadias
--

ALTER SEQUENCE public.messages_id_seq OWNED BY public.messages.id;


--
-- Name: schema_migrations; Type: TABLE; Schema: public; Owner: joanadias
--

CREATE TABLE public.schema_migrations (
    version character varying NOT NULL
);


ALTER TABLE public.schema_migrations OWNER TO joanadias;

--
-- Name: stacks; Type: TABLE; Schema: public; Owner: joanadias
--

CREATE TABLE public.stacks (
    id bigint NOT NULL,
    content character varying,
    created_at timestamp(6) without time zone NOT NULL,
    description text,
    icon character varying,
    name character varying,
    title character varying,
    updated_at timestamp(6) without time zone NOT NULL
);


ALTER TABLE public.stacks OWNER TO joanadias;

--
-- Name: stacks_id_seq; Type: SEQUENCE; Schema: public; Owner: joanadias
--

CREATE SEQUENCE public.stacks_id_seq
    START WITH 1
    INCREMENT BY 1
    NO MINVALUE
    NO MAXVALUE
    CACHE 1;


ALTER TABLE public.stacks_id_seq OWNER TO joanadias;

--
-- Name: stacks_id_seq; Type: SEQUENCE OWNED BY; Schema: public; Owner: joanadias
--

ALTER SEQUENCE public.stacks_id_seq OWNED BY public.stacks.id;


--
-- Name: users; Type: TABLE; Schema: public; Owner: joanadias
--

CREATE TABLE public.users (
    id bigint NOT NULL,
    created_at timestamp(6) without time zone NOT NULL,
    email character varying DEFAULT ''::character varying NOT NULL,
    encrypted_password character varying DEFAULT ''::character varying NOT NULL,
    remember_created_at timestamp(6) without time zone,
    reset_password_sent_at timestamp(6) without time zone,
    reset_password_token character varying,
    updated_at timestamp(6) without time zone NOT NULL
);


ALTER TABLE public.users OWNER TO joanadias;

--
-- Name: users_id_seq; Type: SEQUENCE; Schema: public; Owner: joanadias
--

CREATE SEQUENCE public.users_id_seq
    START WITH 1
    INCREMENT BY 1
    NO MINVALUE
    NO MAXVALUE
    CACHE 1;


ALTER TABLE public.users_id_seq OWNER TO joanadias;

--
-- Name: users_id_seq; Type: SEQUENCE OWNED BY; Schema: public; Owner: joanadias
--

ALTER SEQUENCE public.users_id_seq OWNED BY public.users.id;


--
-- Name: api_rate_limits id; Type: DEFAULT; Schema: public; Owner: joanadias
--

ALTER TABLE ONLY public.api_rate_limits ALTER COLUMN id SET DEFAULT nextval('public.api_rate_limits_id_seq'::regclass);


--
-- Name: chats id; Type: DEFAULT; Schema: public; Owner: joanadias
--

ALTER TABLE ONLY public.chats ALTER COLUMN id SET DEFAULT nextval('public.chats_id_seq'::regclass);


--
-- Name: failed_api_calls id; Type: DEFAULT; Schema: public; Owner: joanadias
--

ALTER TABLE ONLY public.failed_api_calls ALTER COLUMN id SET DEFAULT nextval('public.failed_api_calls_id_seq'::regclass);


--
-- Name: messages id; Type: DEFAULT; Schema: public; Owner: joanadias
--

ALTER TABLE ONLY public.messages ALTER COLUMN id SET DEFAULT nextval('public.messages_id_seq'::regclass);


--
-- Name: stacks id; Type: DEFAULT; Schema: public; Owner: joanadias
--

ALTER TABLE ONLY public.stacks ALTER COLUMN id SET DEFAULT nextval('public.stacks_id_seq'::regclass);


--
-- Name: users id; Type: DEFAULT; Schema: public; Owner: joanadias
--

ALTER TABLE ONLY public.users ALTER COLUMN id SET DEFAULT nextval('public.users_id_seq'::regclass);


--
-- Data for Name: api_rate_limits; Type: TABLE DATA; Schema: public; Owner: joanadias
--

COPY public.api_rate_limits (id, service_name, api_model_name, metric_name, limit_value, current_usage, reset_after_seconds, last_checked_at, next_allowed_at, created_at, updated_at) FROM stdin;
2	gemini	gemini-pro	generate_content_free_tier_requests	60	0	\N	2026-03-14 15:27:39.495374-03	\N	2026-03-14 15:27:39.495385-03	2026-03-14 15:27:39.495385-03
3	gemini	gemini-1.5-flash	generate_content_paid_tier_requests	1000	0	\N	2026-03-14 15:27:39.497179-03	\N	2026-03-14 15:27:39.497191-03	2026-03-14 15:27:39.497191-03
1	gemini	gemini-2.5-flash-lite	generate_content_free_tier_requests	20	0	\N	2026-03-14 15:34:35.028736-03	\N	2026-03-14 15:27:39.492132-03	2026-03-14 15:35:50.332384-03
\.


--
-- Data for Name: ar_internal_metadata; Type: TABLE DATA; Schema: public; Owner: joanadias
--

COPY public.ar_internal_metadata (key, value, created_at, updated_at) FROM stdin;
environment	development	2026-03-13 19:34:51.861691	2026-03-13 19:34:51.861693
schema_sha1	661272ab545b899ef633ba956c1cbcd05969c04a	2026-03-13 19:34:51.863028	2026-03-13 19:34:51.863029
\.


--
-- Data for Name: chats; Type: TABLE DATA; Schema: public; Owner: joanadias
--

COPY public.chats (id, created_at, stack_id, title, updated_at, user_id) FROM stdin;
1	2026-03-13 19:48:56.15345	1	seeds	2026-03-13 19:48:56.15345	1
2	2026-03-13 21:14:42.098873	2	what is schema?	2026-03-13 21:14:42.098873	1
3	2026-03-13 21:16:24.807077	1	what is seed data?	2026-03-13 21:16:24.807077	1
4	2026-03-13 21:18:57.186637	3	what is databse systems	2026-03-13 21:18:57.186637	1
5	2026-03-13 21:20:11.639851	1	seeeds	2026-03-13 21:20:11.639851	1
6	2026-03-13 21:22:38.925436	2	wdad	2026-03-13 21:22:38.925436	1
7	2026-03-13 21:25:29.006211	3	database?	2026-03-13 21:25:29.006211	2
8	2026-03-13 21:26:44.565637	1	sdefgnxhmj	2026-03-13 21:26:44.565637	2
9	2026-03-13 21:27:09.95979	1	drhtfj	2026-03-13 21:27:09.95979	2
10	2026-03-13 21:28:05.637528	1	seg	2026-03-13 21:28:05.637528	2
11	2026-03-13 21:34:09.420796	1	we	2026-03-13 21:34:09.420796	1
12	2026-03-13 21:34:34.001406	3		2026-03-13 21:34:34.001406	1
13	2026-03-13 21:35:57.122175	2		2026-03-13 21:35:57.122175	1
14	2026-03-13 21:38:03.913002	1		2026-03-13 21:38:03.913002	1
15	2026-03-13 21:40:23.850405	2		2026-03-13 21:40:23.850405	1
16	2026-03-13 21:41:59.954816	2		2026-03-13 21:41:59.954816	1
17	2026-03-13 21:49:44.815089	2		2026-03-13 21:49:44.815089	1
18	2026-03-13 21:51:17.924158	1		2026-03-13 21:51:17.924158	1
19	2026-03-13 21:52:48.580316	2		2026-03-13 21:52:48.580316	1
20	2026-03-13 21:53:09.441177	3		2026-03-13 21:53:09.441177	1
26	2026-03-14 16:06:09.054195	3	Chat 14/03 16:06	2026-03-14 16:06:09.054195	3
31	2026-03-14 16:22:07.660699	3	Chat 14/03 16:22	2026-03-14 16:22:07.660699	3
33	2026-03-14 16:26:42.683006	2	Chat 14/03 16:26	2026-03-14 16:26:42.683006	3
34	2026-03-14 16:29:07.89263	2	Chat 14/03 16:29	2026-03-14 16:29:07.89263	3
35	2026-03-14 16:31:10.717413	3	Chat 14/03 16:31	2026-03-14 16:31:10.717413	3
37	2026-03-14 16:41:09.728815	2	Chat 14/03 16:41	2026-03-14 16:41:09.728815	4
38	2026-03-14 16:48:39.933462	2	Chat 14/03 16:48	2026-03-14 16:48:39.933462	4
39	2026-03-14 16:54:26.357304	2	Chat 14/03 16:54	2026-03-14 16:54:26.357304	4
40	2026-03-14 16:57:14.816123	2	Chat 14/03 16:57	2026-03-14 16:57:14.816123	4
41	2026-03-14 17:02:08.046262	2	Chat 14/03 17:02	2026-03-14 17:02:08.046262	4
42	2026-03-14 17:02:13.875049	1	Chat 14/03 17:02	2026-03-14 17:02:13.875049	4
43	2026-03-14 17:06:54.314431	2	Chat 14/03 17:06	2026-03-14 17:06:54.314431	5
52	2026-03-14 18:01:15.587315	3	Chat 14/03 18:01	2026-03-14 18:01:15.587315	6
56	2026-03-14 18:04:40.605922	3	Chat 14/03 18:04	2026-03-14 18:04:40.605922	6
59	2026-03-14 18:38:42.779113	2	Chat 14/03 18:38	2026-03-14 18:38:42.779113	6
60	2026-03-14 18:40:39.46632	2	Chat 14/03 18:40	2026-03-14 18:40:39.46632	6
61	2026-03-14 18:42:26.716859	3	Chat 14/03 18:42	2026-03-14 18:42:26.716859	6
62	2026-03-14 18:47:05.99305	2	Chat 14/03 18:47	2026-03-14 18:47:05.99305	6
63	2026-03-14 18:49:42.123586	2	Chat 14/03 18:49	2026-03-14 18:49:42.123586	6
64	2026-03-14 18:51:00.46712	2	Chat 14/03 18:51	2026-03-14 18:51:00.46712	6
65	2026-03-14 18:52:01.132514	2	Chat 14/03 18:52	2026-03-14 18:52:01.132514	6
66	2026-03-14 18:53:20.132921	2	Chat 14/03 18:53	2026-03-14 18:53:20.132921	6
67	2026-03-14 19:00:35.899551	1	Chat 14/03 19:00	2026-03-14 19:00:35.899551	6
68	2026-03-14 19:08:29.104833	2	Chat 14/03 19:08	2026-03-14 19:08:29.104833	6
69	2026-03-14 19:20:48.414734	2	Chat 14/03 19:20	2026-03-14 19:20:48.414734	6
70	2026-03-14 19:21:44.875512	2	Chat 14/03 19:21	2026-03-14 19:21:44.875512	6
71	2026-03-14 19:26:44.119574	2	Chat 14/03 19:26	2026-03-14 19:26:44.119574	6
72	2026-03-14 19:31:39.666194	1	Chat 14/03 19:31	2026-03-14 19:31:39.666194	6
73	2026-03-14 19:37:15.66652	3	Chat 14/03 19:37	2026-03-14 19:37:15.66652	6
74	2026-03-14 19:51:28.249113	2	Chat 14/03 19:51	2026-03-14 19:51:28.249113	6
75	2026-03-14 19:52:38.314661	2	Chat 14/03 19:52	2026-03-14 19:52:38.314661	6
76	2026-03-14 19:56:04.531172	2	Chat 14/03 19:56	2026-03-14 19:56:04.531172	6
77	2026-03-14 19:59:13.52678	2	Chat 14/03 19:59	2026-03-14 19:59:13.52678	6
78	2026-03-14 20:00:05.263171	2	Chat 14/03 20:00	2026-03-14 20:00:05.263171	6
79	2026-03-14 20:00:32.878838	2	Chat 14/03 20:00	2026-03-14 20:00:32.878838	6
80	2026-03-14 20:04:43.640913	2	Chat 14/03 20:04	2026-03-14 20:04:43.640913	6
81	2026-03-14 20:06:05.463651	2	Chat 14/03 20:06	2026-03-14 20:06:05.463651	6
82	2026-03-14 20:07:30.474671	3	Chat 14/03 20:07	2026-03-14 20:07:30.474671	6
83	2026-03-14 20:09:46.506116	3	Chat 14/03 20:09	2026-03-14 20:09:46.506116	6
84	2026-03-14 20:11:42.178043	3	Chat 14/03 20:11	2026-03-14 20:11:42.178043	6
85	2026-03-14 20:14:49.076547	1	Chat 14/03 20:14	2026-03-14 20:14:49.076547	6
86	2026-03-14 20:17:32.644463	2	Chat 14/03 20:17	2026-03-14 20:17:32.644463	6
87	2026-03-14 20:18:09.136644	2	Chat 14/03 20:18	2026-03-14 20:18:09.136644	6
88	2026-03-14 20:20:00.110963	2	Chat 14/03 20:20	2026-03-14 20:20:00.110963	6
89	2026-03-15 11:16:58.04588	2	Chat 15/03 11:16	2026-03-15 11:16:58.04588	8
90	2026-03-15 12:39:41.152736	2	Chat 15/03 12:39	2026-03-15 12:39:41.152736	8
91	2026-03-15 12:52:24.991703	2	Chat 15/03 12:52	2026-03-15 12:52:24.991703	8
92	2026-03-15 12:54:24.573076	2	Chat 15/03 12:54	2026-03-15 12:54:24.573076	8
93	2026-03-15 12:58:41.284397	2	Chat 15/03 12:58	2026-03-15 12:58:41.284397	8
94	2026-03-15 12:59:45.834635	2	Chat 15/03 12:59	2026-03-15 12:59:45.834635	8
95	2026-03-15 13:01:07.5511	3	Chat 15/03 13:01	2026-03-15 13:01:07.5511	8
96	2026-03-15 13:05:07.875255	2	Chat 15/03 13:05	2026-03-15 13:05:07.875255	8
97	2026-03-15 13:07:59.933673	2	Chat 15/03 13:07	2026-03-15 13:07:59.933673	8
98	2026-03-15 13:14:24.047934	2	Chat 15/03 13:14	2026-03-15 13:14:24.047934	9
99	2026-03-15 13:20:25.877356	2	Chat 15/03 13:20	2026-03-15 13:20:25.877356	10
\.


--
-- Data for Name: failed_api_calls; Type: TABLE DATA; Schema: public; Owner: joanadias
--

COPY public.failed_api_calls (id, user_id, service_name, api_model_name, request_payload, error_message, retry_count, max_retries, status, next_retry_at, created_at, updated_at) FROM stdin;
8	6	gemini	gemini-2.5-flash-lite	{"error": "You exceeded your current quota, please check your plan and billing details. For more information on this error, head to: https://ai.google.dev/gemini-api/docs/rate-limits. To monitor your current usage, head to: https://ai.dev/rate-limit. \\n* Quota exceeded for metric: generativelanguage.googleapis.com/generate_content_free_tier_requests, limit: 20, model: gemini-2.5-flash-lite\\nPlease retry in 17.316740666s.", "chat_id": 67, "message": "qwe", "conversation_history": ["qwe", "qwe"]}	You exceeded your current quota, please check your plan and billing details. For more information on this error, head to: https://ai.google.dev/gemini-api/docs/rate-limits. To monitor your current usage, head to: https://ai.dev/rate-limit. \n* Quota exceeded for metric: generativelanguage.googleapis.com/generate_content_free_tier_requests, limit: 20, model: gemini-2.5-flash-lite\nPlease retry in 17.316740666s.	0	3	pending	2026-03-14 16:01:02.808995-03	2026-03-14 16:00:42.821521-03	2026-03-14 16:00:42.821521-03
10	6	gemini	gemini-2.5-flash-lite	{"error": "You exceeded your current quota, please check your plan and billing details. For more information on this error, head to: https://ai.google.dev/gemini-api/docs/rate-limits. To monitor your current usage, head to: https://ai.dev/rate-limit. \\n* Quota exceeded for metric: generativelanguage.googleapis.com/generate_content_free_tier_requests, limit: 20, model: gemini-2.5-flash-lite\\nPlease retry in 15.929042886s.", "chat_id": 72, "message": "asd", "conversation_history": ["asd", "asd"]}	You exceeded your current quota, please check your plan and billing details. For more information on this error, head to: https://ai.google.dev/gemini-api/docs/rate-limits. To monitor your current usage, head to: https://ai.dev/rate-limit. \n* Quota exceeded for metric: generativelanguage.googleapis.com/generate_content_free_tier_requests, limit: 20, model: gemini-2.5-flash-lite\nPlease retry in 15.929042886s.	0	3	pending	2026-03-14 16:32:04.176859-03	2026-03-14 16:31:44.187572-03	2026-03-14 16:31:44.187572-03
12	6	gemini	gemini-2.0-flash	{"chat_id": 75, "message": "EWawe", "conversation_history": ["EWawe", "EWawe"]}	API key not valid. Please pass a valid API key.	0	3	pending	2026-03-14 16:52:45.441474-03	2026-03-14 16:52:40.453234-03	2026-03-14 16:52:40.453234-03
1	1	gemini	gemini-2.5-flash-lite	"{\\"message\\":\\"Teste de fila\\",\\"chat_id\\":1}"	\N	3	3	failed	2026-03-14 15:57:59.617761-03	2026-03-14 15:29:45.998709-03	2026-03-14 15:57:59.681986-03
6	6	gemini	gemini-2.5-flash-lite	{"error": "You exceeded your current quota, please check your plan and billing details. For more information on this error, head to: https://ai.google.dev/gemini-api/docs/rate-limits. To monitor your current usage, head to: https://ai.dev/rate-limit. \\n* Quota exceeded for metric: generativelanguage.googleapis.com/generate_content_free_tier_requests, limit: 20, model: gemini-2.5-flash-lite\\nPlease retry in 33.633402118s.", "chat_id": 66, "message": "asdasd", "conversation_history": ["asdasd", "asdasd"]}	You exceeded your current quota, please check your plan and billing details. For more information on this error, head to: https://ai.google.dev/gemini-api/docs/rate-limits. To monitor your current usage, head to: https://ai.dev/rate-limit. \n* Quota exceeded for metric: generativelanguage.googleapis.com/generate_content_free_tier_requests, limit: 20, model: gemini-2.5-flash-lite\nPlease retry in 33.633402118s.	3	3	failed	2026-03-14 15:57:59.632184-03	2026-03-14 15:53:26.509314-03	2026-03-14 15:57:59.702163-03
7	6	gemini	gemini-2.5-flash-lite	{"error": "You exceeded your current quota, please check your plan and billing details. For more information on this error, head to: https://ai.google.dev/gemini-api/docs/rate-limits. To monitor your current usage, head to: https://ai.dev/rate-limit. \\n* Quota exceeded for metric: generativelanguage.googleapis.com/generate_content_free_tier_requests, limit: 20, model: gemini-2.5-flash-lite\\nPlease retry in 32.052421093s.", "chat_id": 66, "message": "Mensagem de teste", "conversation_history": ["asdasd", "asdasd", "Mensagem de teste"]}	You exceeded your current quota, please check your plan and billing details. For more information on this error, head to: https://ai.google.dev/gemini-api/docs/rate-limits. To monitor your current usage, head to: https://ai.dev/rate-limit. \n* Quota exceeded for metric: generativelanguage.googleapis.com/generate_content_free_tier_requests, limit: 20, model: gemini-2.5-flash-lite\nPlease retry in 32.052421093s.	3	3	failed	2026-03-14 15:57:59.637377-03	2026-03-14 15:54:28.069656-03	2026-03-14 15:57:59.713508-03
9	6	gemini	gemini-2.5-flash-lite	{"error": "You exceeded your current quota, please check your plan and billing details. For more information on this error, head to: https://ai.google.dev/gemini-api/docs/rate-limits. To monitor your current usage, head to: https://ai.dev/rate-limit. \\n* Quota exceeded for metric: generativelanguage.googleapis.com/generate_content_free_tier_requests, limit: 20, model: gemini-2.5-flash-lite\\nPlease retry in 9.066975723s.", "chat_id": 71, "message": "asdasd", "conversation_history": ["asdasd", "asdasd"]}	You exceeded your current quota, please check your plan and billing details. For more information on this error, head to: https://ai.google.dev/gemini-api/docs/rate-limits. To monitor your current usage, head to: https://ai.dev/rate-limit. \n* Quota exceeded for metric: generativelanguage.googleapis.com/generate_content_free_tier_requests, limit: 20, model: gemini-2.5-flash-lite\nPlease retry in 9.066975723s.	0	3	pending	2026-03-14 16:27:11.034774-03	2026-03-14 16:26:51.046734-03	2026-03-14 16:26:51.046734-03
11	6	gemini	gemini-2.0-flash	{"chat_id": 73, "message": "adasd", "conversation_history": ["adasd", "adasd"]}	API key expired. Please renew the API key.	0	3	pending	2026-03-14 16:37:23.700824-03	2026-03-14 16:37:18.714769-03	2026-03-14 16:37:18.714769-03
5	6	gemini	gemini-2.5-flash-lite	{"error": "You exceeded your current quota, please check your plan and billing details. For more information on this error, head to: https://ai.google.dev/gemini-api/docs/rate-limits. To monitor your current usage, head to: https://ai.dev/rate-limit. \\n* Quota exceeded for metric: generativelanguage.googleapis.com/generate_content_free_tier_requests, limit: 20, model: gemini-2.5-flash-lite\\nPlease retry in 51.675020221s.", "chat_id": 65, "message": "asdasd", "conversation_history": ["asdasd", "asdasd"]}	You exceeded your current quota, please check your plan and billing details. For more information on this error, head to: https://ai.google.dev/gemini-api/docs/rate-limits. To monitor your current usage, head to: https://ai.dev/rate-limit. \n* Quota exceeded for metric: generativelanguage.googleapis.com/generate_content_free_tier_requests, limit: 20, model: gemini-2.5-flash-lite\nPlease retry in 51.675020221s.	3	3	failed	2026-03-14 15:57:59.626147-03	2026-03-14 15:52:08.455463-03	2026-03-14 15:57:59.691227-03
2	6	gemini	gemini-2.5-flash-lite	{"error": "You exceeded your current quota, please check your plan and billing details. For more information on this error, head to: https://ai.google.dev/gemini-api/docs/rate-limits. To monitor your current usage, head to: https://ai.dev/rate-limit. \\n* Quota exceeded for metric: generativelanguage.googleapis.com/generate_content_free_tier_requests, limit: 20, model: gemini-2.5-flash-lite\\nPlease retry in 50.733569629s.", "chat_id": 58, "message": "aead", "conversation_history": ["aead", "aead"]}	You exceeded your current quota, please check your plan and billing details. For more information on this error, head to: https://ai.google.dev/gemini-api/docs/rate-limits. To monitor your current usage, head to: https://ai.dev/rate-limit. \n* Quota exceeded for metric: generativelanguage.googleapis.com/generate_content_free_tier_requests, limit: 20, model: gemini-2.5-flash-lite\nPlease retry in 50.733569629s.	3	3	failed	2026-03-14 15:57:59.641326-03	2026-03-14 15:37:09.382143-03	2026-03-14 15:57:59.721188-03
3	6	gemini	gemini-2.5-flash-lite	{"error": "You exceeded your current quota, please check your plan and billing details. For more information on this error, head to: https://ai.google.dev/gemini-api/docs/rate-limits. To monitor your current usage, head to: https://ai.dev/rate-limit. \\n* Quota exceeded for metric: generativelanguage.googleapis.com/generate_content_free_tier_requests, limit: 20, model: gemini-2.5-flash-lite\\nPlease retry in 8.999329553s.", "chat_id": 59, "message": "asdasd", "conversation_history": ["asdasd", "asdasd"]}	You exceeded your current quota, please check your plan and billing details. For more information on this error, head to: https://ai.google.dev/gemini-api/docs/rate-limits. To monitor your current usage, head to: https://ai.dev/rate-limit. \n* Quota exceeded for metric: generativelanguage.googleapis.com/generate_content_free_tier_requests, limit: 20, model: gemini-2.5-flash-lite\nPlease retry in 8.999329553s.	3	3	failed	2026-03-14 15:57:59.645589-03	2026-03-14 15:38:51.116979-03	2026-03-14 15:57:59.7302-03
4	6	gemini	gemini-2.5-flash-lite	{"error": "You exceeded your current quota, please check your plan and billing details. For more information on this error, head to: https://ai.google.dev/gemini-api/docs/rate-limits. To monitor your current usage, head to: https://ai.dev/rate-limit. \\n* Quota exceeded for metric: generativelanguage.googleapis.com/generate_content_free_tier_requests, limit: 20, model: gemini-2.5-flash-lite\\nPlease retry in 52.922033721s.", "chat_id": 64, "message": "asdasd", "conversation_history": ["asdasd", "asdasd"]}	You exceeded your current quota, please check your plan and billing details. For more information on this error, head to: https://ai.google.dev/gemini-api/docs/rate-limits. To monitor your current usage, head to: https://ai.dev/rate-limit. \n* Quota exceeded for metric: generativelanguage.googleapis.com/generate_content_free_tier_requests, limit: 20, model: gemini-2.5-flash-lite\nPlease retry in 52.922033721s.	3	3	failed	2026-03-14 15:57:59.649133-03	2026-03-14 15:51:07.188582-03	2026-03-14 15:57:59.734366-03
\.


--
-- Data for Name: messages; Type: TABLE DATA; Schema: public; Owner: joanadias
--

COPY public.messages (id, chat_id, content, created_at, role, updated_at, thinking_text, thinking_signature, thinking_tokens) FROM stdin;
1	1	o que é seeds?\n	2026-03-13 19:50:05.761741	user	2026-03-13 19:50:05.761741	\N	\N	\N
2	1	o que é seeds?\n	2026-03-13 19:50:05.800808	user	2026-03-13 19:50:05.800808	\N	\N	\N
3	1	## O Que São Seeds?\n\n"Seeds" em bancos de dados referem-se a **dados iniciais** predefinidos que são inseridos no banco de dados quando ele é criado ou resetado. Essencialmente, são os **registros fundamentais** que garantem que o banco de dados tenha um estado funcional e com informações básicas para testes, desenvolvimento ou para o funcionamento inicial de uma aplicação.\n\n**Funções comuns dos seeds:**\n\n*   **População inicial:** Fornecer dados essenciais para que uma aplicação possa rodar desde o início.\n*   **Ambientes de desenvolvimento/teste:** Criar um estado previsível para testes automatizados e para que desenvolvedores possam trabalhar sem depender de dados reais.\n*   **Dados de configuração:** Inserir configurações globais ou parâmetros importantes para o sistema.\n*   **Dados de referência:** Preencher tabelas com valores fixos que não mudam com frequência (ex: tipos de usuários, categorias de produtos).\n\n---\n\n### Exemplo (SQL):\n\nImagine uma tabela `roles` onde você quer ter os papéis básicos de usuários.\n\n**Schema:**\n\n```sql\nCREATE TABLE roles (\n    id SERIAL PRIMARY KEY,\n    name VARCHAR(50) NOT NULL UNIQUE\n);\n```\n\n**Seeds (Dados Iniciais):**\n\n```sql\nINSERT INTO roles (name) VALUES ('admin');\nINSERT INTO roles (name) VALUES ('editor');\nINSERT INTO roles (name) VALUES ('viewer');\n```\n\nAo executar esses comandos após criar a tabela `roles`, você terá os três papéis essenciais no seu banco de dados.\n\n---\n\n### Exemplo (Ruby on Rails - Migrations com Seeds):\n\nEm frameworks como Ruby on Rails, os seeds são frequentemente gerenciados em arquivos específicos.\n\n**Schema (gerado por `rails generate migration CreateRoles name:string`):**\n\n```ruby\nclass CreateRoles < ActiveRecord::Migration[7.1]\n  def change\n    create_table :roles do |t|\n      t.string :name, null: false, unique: true\n      t.timestamps\n    end\n  end\nend\n```\n\n**Seeds (em `db/seeds.rb`):**\n\n```ruby\n# db/seeds.rb\nRole.create!([\n  { name: 'admin' },\n  { name: 'editor' },\n  { name: 'viewer' }\n])\n\nputs "Seeds processed: #{Role.count} roles created."\n```\n\nPara executar os seeds, você usaria o comando: `rails db:seed`.	2026-03-13 19:50:08.961589	assistant	2026-03-13 19:50:08.961589	\N	\N	\N
4	1	o que é seeds?\n	2026-03-13 19:50:11.910896	user	2026-03-13 19:50:11.910896	\N	\N	\N
5	1	o que é seeds?\n	2026-03-13 19:50:11.921072	user	2026-03-13 19:50:11.921072	\N	\N	\N
6	1	## O Que São Seeds?\n\n"Seeds" em bancos de dados referem-se a **dados iniciais** predefinidos que são inseridos no banco de dados quando ele é criado ou resetado. Essencialmente, são os **registros fundamentais** que garantem que o banco de dados tenha um estado funcional e com informações básicas para testes, desenvolvimento ou para o funcionamento inicial de uma aplicação.\n\n**Funções comuns dos seeds:**\n\n*   **População inicial:** Fornecer dados essenciais para que uma aplicação possa rodar desde o início.\n*   **Ambientes de desenvolvimento/teste:** Criar um estado previsível para testes automatizados e para que desenvolvedores possam trabalhar sem depender de dados reais.\n*   **Dados de configuração:** Inserir configurações globais ou parâmetros importantes para o sistema.\n*   **Dados de referência:** Preencher tabelas com valores fixos que não mudam com frequência (ex: tipos de usuários, categorias de produtos).\n\n---\n\n### Exemplo (SQL):\n\nImagine uma tabela `roles` onde você quer ter os papéis básicos de usuários.\n\n**Schema:**\n\n```sql\nCREATE TABLE roles (\n    id SERIAL PRIMARY KEY,\n    name VARCHAR(50) NOT NULL UNIQUE\n);\n```\n\n**Seeds (Dados Iniciais):**\n\n```sql\nINSERT INTO roles (name) VALUES ('admin');\nINSERT INTO roles (name) VALUES ('editor');\nINSERT INTO roles (name) VALUES ('viewer');\n```\n\nAo executar esses comandos após criar a tabela `roles`, você terá os três papéis essenciais no seu banco de dados.\n\n---\n\n### Exemplo (Ruby on Rails - Migrations com Seeds):\n\nEm frameworks como Ruby on Rails, os seeds são frequentemente gerenciados em arquivos específicos.\n\n**Schema (gerado por `rails generate migration CreateRoles name:string`):**\n\n```ruby\nclass CreateRoles < ActiveRecord::Migration[7.1]\n  def change\n    create_table :roles do |t|\n      t.string :name, null: false, unique: true\n      t.timestamps\n    end\n  end\nend\n```\n\n**Seeds (em `db/seeds.rb`):**\n\n```ruby\n# db/seeds.rb\nRole.create!([\n  { name: 'admin' },\n  { name: 'editor' },\n  { name: 'viewer' }\n])\n\nputs "Seeds processed: #{Role.count} roles created."\n```\n\nPara executar os seeds, você usaria o comando: `rails db:seed`.	2026-03-13 19:50:13.989156	assistant	2026-03-13 19:50:13.989156	\N	\N	\N
7	1	seeds\n	2026-03-13 20:33:50.965468	user	2026-03-13 20:33:50.965468	\N	\N	\N
8	1	seeds\n	2026-03-13 20:33:51.011371	user	2026-03-13 20:33:51.011371	\N	\N	\N
9	1	## O Que São Seeds?\n\n"Seeds" em bancos de dados referem-se a **dados iniciais** predefinidos que são inseridos no banco de dados quando ele é criado ou resetado. Essencialmente, são os **registros fundamentais** que garantem que o banco de dados tenha um estado funcional e com informações básicas para testes, desenvolvimento ou para o funcionamento inicial de uma aplicação.\n\n**Funções comuns dos seeds:**\n\n*   **População inicial:** Fornecer dados essenciais para que uma aplicação possa rodar desde o início.\n*   **Ambientes de desenvolvimento/teste:** Criar um estado previsível para testes automatizados e para que desenvolvedores possam trabalhar sem depender de dados reais.\n*   **Dados de configuração:** Inserir configurações globais ou parâmetros importantes para o sistema.\n*   **Dados de referência:** Preencher tabelas com valores fixos que não mudam com frequência (ex: tipos de usuários, categorias de produtos).\n\n---\n\n### Exemplo (SQL):\n\nImagine uma tabela `roles` onde você quer ter os papéis básicos de usuários.\n\n**Schema:**\n\n```sql\nCREATE TABLE roles (\n    id SERIAL PRIMARY KEY,\n    name VARCHAR(50) NOT NULL UNIQUE\n);\n```\n\n**Seeds (Dados Iniciais):**\n\n```sql\nINSERT INTO roles (name) VALUES ('admin');\nINSERT INTO roles (name) VALUES ('editor');\nINSERT INTO roles (name) VALUES ('viewer');\n```\n\nAo executar esses comandos após criar a tabela `roles`, você terá os três papéis essenciais no seu banco de dados.\n\n---\n\n### Exemplo (Ruby on Rails - Migrations com Seeds):\n\nEm frameworks como Ruby on Rails, os seeds são frequentemente gerenciados em arquivos específicos.\n\n**Schema (gerado por `rails generate migration CreateRoles name:string`):**\n\n```ruby\nclass CreateRoles < ActiveRecord::Migration[7.1]\n  def change\n    create_table :roles do |t|\n      t.string :name, null: false, unique: true\n      t.timestamps\n    end\n  end\nend\n```\n\n**Seeds (em `db/seeds.rb`):**\n\n```ruby\n# db/seeds.rb\nRole.create!([\n  { name: 'admin' },\n  { name: 'editor' },\n  { name: 'viewer' }\n])\n\nputs "Seeds processed: #{Role.count} roles created."\n```\n\nPara executar os seeds, você usaria o comando: `rails db:seed`.	2026-03-13 20:33:53.858872	assistant	2026-03-13 20:33:53.858872	\N	\N	\N
10	2	what is?\n	2026-03-13 21:14:49.758557	user	2026-03-13 21:14:49.758557	\N	\N	\N
11	2	what is?\n	2026-03-13 21:14:49.830963	user	2026-03-13 21:14:49.830963	\N	\N	\N
12	2	## Seed Data\n\n**What is Seed Data?**\n\nSeed data refers to the initial set of data pre-populated into a database when it is first created or deployed. This data is crucial for testing, development, and ensuring the application functions correctly from the start.\n\n**Example (SQL):**\n\n```sql\n-- Inserting initial user roles\nINSERT INTO roles (role_name) VALUES ('admin');\nINSERT INTO roles (role_name) VALUES ('user');\n\n-- Inserting a default admin user\nINSERT INTO users (username, email, password_hash, role_id)\nVALUES ('admin', 'admin@example.com', '$2b$10$...', 1); -- Assuming role_id 1 is 'admin'\n```\n\n---\n\n## Schema Design\n\n**What is Schema Design?**\n\nSchema design is the process of defining the structure of a database. It involves creating tables, columns, relationships, data types, constraints, and indexes to organize and store data efficiently and logically.\n\n**Example (SQL - Creating a table):**\n\n```sql\nCREATE TABLE products (\n    product_id INT PRIMARY KEY AUTO_INCREMENT,\n    product_name VARCHAR(255) NOT NULL,\n    price DECIMAL(10, 2) NOT NULL,\n    stock_quantity INT DEFAULT 0,\n    created_at TIMESTAMP DEFAULT CURRENT_TIMESTAMP\n);\n```\n\n---\n\n## Database Systems\n\n**What is a Database System?**\n\nA database system is a collection of interrelated data and a set of programs to access and manage that data. It typically consists of:\n\n1.  **Database:** The actual organized collection of data.\n2.  **Database Management System (DBMS):** The software that interacts with users, applications, and the database itself to capture and analyze data.\n\n**Example (Conceptual - mentioning a DBMS):**\n\nA common database system is **PostgreSQL**, which is an open-source relational database management system. Applications interact with PostgreSQL to perform operations like `SELECT`, `INSERT`, `UPDATE`, and `DELETE` on the data stored within its database files.	2026-03-13 21:14:52.385539	assistant	2026-03-13 21:14:52.385539	\N	\N	\N
13	1	sfagadg	2026-03-13 21:15:28.627375	user	2026-03-13 21:15:28.627375	\N	\N	\N
14	1	sfagadg	2026-03-13 21:15:28.636152	user	2026-03-13 21:15:28.636152	\N	\N	\N
15	1	Como seu assistente de ensino de banco de dados, estou aqui para ajudar com conceitos como seeds, design de schema e sistemas de banco de dados. No entanto, "sfagadgsfagadgsfagadg" não é um termo ou conceito relacionado a banco de dados.\n\nSe você tiver alguma pergunta sobre:\n\n*   **Seeds:** Dados iniciais para seu banco de dados.\n*   **Schema Design:** Como estruturar suas tabelas e relacionamentos.\n*   **Database Systems:** Conceitos gerais sobre bancos de dados (SQL, NoSQL, etc.).\n\nPor favor, me diga, e ficarei feliz em explicar e fornecer exemplos!	2026-03-13 21:15:30.00376	assistant	2026-03-13 21:15:30.00376	\N	\N	\N
16	3	what is?\n	2026-03-13 21:16:31.728521	user	2026-03-13 21:16:31.728521	\N	\N	\N
17	3	what is?\n	2026-03-13 21:16:31.738761	user	2026-03-13 21:16:31.738761	\N	\N	\N
18	3	## Seed Data\n\nSeed data refers to the initial set of data populated into a database when it is first created. This data is essential for testing, demonstrating functionality, or providing a starting point for users.\n\n**Example:**\n\n```sql\n-- Inserting initial user data\nINSERT INTO users (username, email, created_at) VALUES\n('alice', 'alice@example.com', NOW()),\n('bob', 'bob@example.com', NOW());\n```\n\n## Schema Design\n\nSchema design is the process of planning the structure and organization of a database. It defines tables, columns, data types, relationships, and constraints to ensure data integrity and efficient querying.\n\n**Example:**\n\n```sql\nCREATE TABLE products (\n    product_id INT PRIMARY KEY AUTO_INCREMENT,\n    product_name VARCHAR(255) NOT NULL,\n    price DECIMAL(10, 2) NOT NULL,\n    stock_quantity INT DEFAULT 0\n);\n```\n\n## Database Systems\n\nDatabase systems are software applications that allow users to create, read, update, and delete data in a structured and organized manner. They manage data storage, retrieval, and security.\n\n**Example (Conceptual):**\n\nA relational database system like PostgreSQL or MySQL manages data in tables with predefined relationships. It provides SQL (Structured Query Language) for interacting with the data.	2026-03-13 21:16:34.924278	assistant	2026-03-13 21:16:34.924278	\N	\N	\N
19	4	what is?\n	2026-03-13 21:19:06.536324	user	2026-03-13 21:19:06.536324	\N	\N	\N
20	4	what is?\n	2026-03-13 21:19:06.543077	user	2026-03-13 21:19:06.543077	\N	\N	\N
21	4	### What is Seed Data?\n\nSeed data refers to the initial set of data pre-populated into a database when it is first created or deployed. It's used to populate tables with essential, static, or default values that the application needs to function correctly from the start.\n\n**Example:**\n\n```sql\n-- Inserting seed data into a 'roles' table\nINSERT INTO roles (role_id, role_name) VALUES\n(1, 'admin'),\n(2, 'editor'),\n(3, 'viewer');\n```\n\n### What is Schema Design?\n\nSchema design is the process of defining the structure of a database. This includes specifying the tables, the columns within those tables, their data types, relationships between tables (foreign keys), constraints, and indexes. A well-designed schema ensures data integrity, efficiency, and maintainability.\n\n**Example (Conceptual Schema Snippet):**\n\n```sql\n-- Table for users\nCREATE TABLE users (\n    user_id INT PRIMARY KEY AUTO_INCREMENT,\n    username VARCHAR(50) NOT NULL UNIQUE,\n    email VARCHAR(100) NOT NULL UNIQUE,\n    created_at TIMESTAMP DEFAULT CURRENT_TIMESTAMP\n);\n\n-- Table for posts\nCREATE TABLE posts (\n    post_id INT PRIMARY KEY AUTO_INCREMENT,\n    user_id INT,\n    title VARCHAR(255) NOT NULL,\n    content TEXT,\n    created_at TIMESTAMP DEFAULT CURRENT_TIMESTAMP,\n    FOREIGN KEY (user_id) REFERENCES users(user_id) ON DELETE CASCADE\n);\n```\n\n### What is a Database System?\n\nA database system (DBMS - Database Management System) is a software that allows users to create, read, update, and delete data in a database. It provides an interface to interact with the data and manages the underlying storage, security, and integrity of the data. Examples include MySQL, PostgreSQL, Oracle, SQL Server, and MongoDB.\n\n**Example (Conceptual interaction with a DBMS):**\n\n```sql\n-- Querying data using SQL through a DBMS\nSELECT username, email\nFROM users\nWHERE created_at > '2023-01-01';\n```	2026-03-13 21:19:08.786088	assistant	2026-03-13 21:19:08.786088	\N	\N	\N
22	6	asdasd	2026-03-13 21:22:40.796075	user	2026-03-13 21:22:40.796075	\N	\N	\N
23	6	asdasd	2026-03-13 21:22:40.876949	user	2026-03-13 21:22:40.876949	\N	\N	\N
24	6	Hello! I'm your Database TA, ready to help you with Seed Data, Schema Design, and Database Systems. Let's dive in!\n\n---\n\n### Seed Data\n\nSeed data populates your database with initial, often static or reference, information. It's crucial for testing, development, and ensuring your application has baseline data to function.\n\n**Example (SQL - PostgreSQL):**\n\n```sql\n-- Create a table for roles\nCREATE TABLE roles (\n    role_id SERIAL PRIMARY KEY,\n    role_name VARCHAR(50) UNIQUE NOT NULL\n);\n\n-- Seed the roles table\nINSERT INTO roles (role_name) VALUES\n('Admin'),\n('Editor'),\n('Viewer');\n```\n\n---\n\n### Schema Design\n\nSchema design is the blueprint of your database. It defines the structure, relationships, and constraints of your tables. Good design ensures data integrity, efficiency, and scalability.\n\n**Key Principles:**\n\n*   **Normalization:** Reducing data redundancy and improving data integrity.\n*   **Data Types:** Choosing appropriate types for efficient storage and validation.\n*   **Primary/Foreign Keys:** Establishing relationships and ensuring referential integrity.\n*   **Indexes:** Optimizing query performance.\n\n**Example (SQL - PostgreSQL):**\n\n```sql\n-- User table\nCREATE TABLE users (\n    user_id SERIAL PRIMARY KEY,\n    username VARCHAR(50) UNIQUE NOT NULL,\n    email VARCHAR(100) UNIQUE NOT NULL,\n    password_hash VARCHAR(255) NOT NULL,\n    created_at TIMESTAMP WITH TIME ZONE DEFAULT CURRENT_TIMESTAMP,\n    role_id INT,\n    CONSTRAINT fk_user_role\n        FOREIGN KEY (role_id)\n        REFERENCES roles(role_id)\n        ON DELETE SET NULL -- If a role is deleted, set user's role to NULL\n);\n\n-- Index for faster email lookups\nCREATE INDEX idx_users_email ON users(email);\n```\n\n---\n\n### Database Systems\n\nDatabase Systems are the software that manages databases. They provide interfaces for creating, reading, updating, and deleting data, along with features for security, concurrency, and recovery.\n\n**Types of Database Systems:**\n\n*   **Relational Database Management Systems (RDBMS):** e.g., PostgreSQL, MySQL, SQL Server, Oracle. Use structured tables and SQL.\n*   **NoSQL Databases:** e.g., MongoDB (Document), Redis (Key-Value), Cassandra (Column-family). Offer flexible schemas and different data models.\n\n**Example (SQL Query - PostgreSQL):**\n\n```sql\n-- Insert a new user\nINSERT INTO users (username, email, password_hash, role_id)\nVALUES ('johndoe', 'john.doe@example.com', 'hashed_password_here', 1); -- Assuming role_id 1 is 'Admin'\n\n-- Select users with the 'Admin' role\nSELECT u.username, u.email\nFROM users u\nJOIN roles r ON u.role_id = r.role_id\nWHERE r.role_name = 'Admin';\n```	2026-03-13 21:22:44.132159	assistant	2026-03-13 21:22:44.132159	\N	\N	\N
25	7	database?\n	2026-03-13 21:25:39.236577	user	2026-03-13 21:25:39.236577	\N	\N	\N
26	7	database?\n	2026-03-13 21:25:39.324939	user	2026-03-13 21:25:39.324939	\N	\N	\N
27	7	A **database** is an organized collection of structured information, or data, typically stored electronically in a computer system. It is managed by a **database management system (DBMS)**.\n\n**Key Concepts:**\n\n*   **Data:** Raw facts and figures.\n*   **Information:** Processed and organized data.\n*   **Database Management System (DBMS):** Software that allows users to create, read, update, and delete data in a database. Examples include MySQL, PostgreSQL, SQLite, Oracle, SQL Server.\n\n---\n\n### Seed Data\n\n**Seed data** (or initial data) is pre-populated data used to populate a database when it is first created or deployed. It's essential for testing, development, and providing a baseline for applications.\n\n**Example (SQL `INSERT` statements for a `users` table):**\n\n```sql\n-- Seed data for the 'users' table\nINSERT INTO users (user_id, username, email, registration_date) VALUES\n(1, 'alice', 'alice@example.com', '2023-01-15'),\n(2, 'bob', 'bob@example.com', '2023-02-20'),\n(3, 'charlie', 'charlie@example.com', '2023-03-10');\n```\n\n---\n\n### Schema Design\n\n**Schema design** is the process of defining the structure of a database. It involves creating tables, specifying columns, their data types, relationships between tables (e.g., foreign keys), and constraints (e.g., primary keys, unique constraints). A good schema design ensures data integrity, efficiency, and scalability.\n\n**Example (SQL `CREATE TABLE` statement for a `users` table):**\n\n```sql\n-- Schema design for the 'users' table\nCREATE TABLE users (\n    user_id INT PRIMARY KEY,\n    username VARCHAR(50) NOT NULL UNIQUE,\n    email VARCHAR(100) NOT NULL,\n    registration_date DATE\n);\n\n-- Example of a related table with a foreign key\nCREATE TABLE orders (\n    order_id INT PRIMARY KEY,\n    user_id INT,\n    order_date DATE,\n    total_amount DECIMAL(10, 2),\n    FOREIGN KEY (user_id) REFERENCES users(user_id) -- Defines relationship\n);\n```\n\n---\n\n### Database Systems\n\n**Database systems** refer to the combination of the database itself, the DBMS that manages it, and any associated applications or tools. They are fundamental for managing and accessing structured data in virtually all modern applications.\n\n**Common Database System Types:**\n\n*   **Relational Database Systems (RDBMS):** Organize data into tables with predefined relationships. They use SQL (Structured Query Language) for querying.\n    *   **Examples:** MySQL, PostgreSQL, Oracle, SQL Server, SQLite.\n*   **NoSQL Database Systems:** Offer more flexible data models, often used for large-scale, distributed data or unstructured data.\n    *   **Examples:** MongoDB (Document), Cassandra (Column-family), Redis (Key-value), Neo4j (Graph).\n\n**Example (Conceptual interaction with a Relational Database System):**\n\n1.  **Schema Design:** `CREATE TABLE products (...)`\n2.  **Seed Data:** `INSERT INTO products (...) VALUES (...)`\n3.  **Querying (Data Retrieval):**\n    ```sql\n    SELECT product_name, price\n    FROM products\n    WHERE price > 50.00;\n    ```	2026-03-13 21:25:42.753482	assistant	2026-03-13 21:25:42.753482	\N	\N	\N
28	8	efrgthfg	2026-03-13 21:26:46.26004	user	2026-03-13 21:26:46.26004	\N	\N	\N
29	8	efrgthfg	2026-03-13 21:26:46.271886	user	2026-03-13 21:26:46.271886	\N	\N	\N
30	8	Hello! I'm here to help with your database questions. Please provide your specific query regarding Seed Data, Schema Design, or Database Systems, and I'll do my best to answer concisely with relevant code examples.	2026-03-13 21:26:47.110036	assistant	2026-03-13 21:26:47.110036	\N	\N	\N
31	10	w4trge	2026-03-13 21:28:08.190145	user	2026-03-13 21:28:08.190145	\N	\N	\N
32	10	w4trge	2026-03-13 21:28:08.196987	user	2026-03-13 21:28:08.196987	\N	\N	\N
33	16	wd	2026-03-13 21:44:03.356949	user	2026-03-13 21:44:03.356949	\N	\N	\N
34	16	wd	2026-03-13 21:44:03.40576	user	2026-03-13 21:44:03.40576	\N	\N	\N
35	16	Okay, I'm ready to assist! Please ask your questions regarding Seed Data, Schema Design, or Database Systems. I will provide concise answers with relevant code examples in Markdown.	2026-03-13 21:44:04.826558	assistant	2026-03-13 21:44:04.826558	\N	\N	\N
142	64	asdasd	2026-03-14 18:51:02.302754	user	2026-03-14 18:51:02.302754	\N	\N	\N
143	64	asdasd	2026-03-14 18:51:02.403105	user	2026-03-14 18:51:02.403105	\N	\N	\N
148	66	Mensagem de teste	2026-03-14 18:54:23.304639	user	2026-03-14 18:54:23.304639	\N	\N	\N
153	71	asdasd	2026-03-14 19:26:46.236627	user	2026-03-14 19:26:46.236627	\N	\N	\N
154	71	asdasd	2026-03-14 19:26:46.302709	user	2026-03-14 19:26:46.302709	\N	\N	\N
159	74	qweqweqwe	2026-03-14 19:51:30.335901	user	2026-03-14 19:51:30.335901	\N	\N	\N
165	77	sf	2026-03-14 19:59:15.590129	user	2026-03-14 19:59:15.590129	\N	\N	\N
166	78	wesgrdhtfg	2026-03-14 20:00:07.048287	user	2026-03-14 20:00:07.048287	\N	\N	\N
167	79	qeqwe	2026-03-14 20:00:35.135822	user	2026-03-14 20:00:35.135822	\N	\N	\N
168	79	qeqwe	2026-03-14 20:00:35.214556	user	2026-03-14 20:00:35.214556	\N	\N	\N
169	79	Ah, an excellent question! Let's dive into the world of database operations.\n\n***\n\n### Understanding `UPDATE` and `INSERT` in SQL\n\nIn SQL, `UPDATE` is used to modify existing records in a table, while `INSERT` is used to add new records. They serve distinct purposes and are crucial for maintaining the integrity and currency of your data.\n\n#### The `UPDATE` Statement: Modifying Existing Data\n\nThe `UPDATE` statement allows you to change the values of one or more columns for rows that meet specific criteria.\n\n**Syntax:**\n\n```sql\nUPDATE table_name\nSET column1 = value1, column2 = value2, ...\nWHERE condition;\n```\n\n*   `table_name`: The name of the table you want to modify.\n*   `SET`: Specifies the columns to update and their new values.\n*   `column1 = value1, column2 = value2, ...`: A comma-separated list of column-value pairs.\n*   `WHERE condition`: **Crucially important!** This clause filters which rows will be updated. If omitted, **all rows** in the table will be updated, which is rarely the desired outcome and can lead to data corruption.\n\n**Practical Example:**\n\nImagine you have a `products` table, and you need to increase the price of a specific product.\n\n```sql\n-- Let's assume your products table looks like this:\n--\n-- CREATE TABLE products (\n--     product_id INT PRIMARY KEY AUTO_INCREMENT,\n--     product_name VARCHAR(255) NOT NULL,\n--     price DECIMAL(10, 2) NOT NULL,\n--     stock_quantity INT DEFAULT 0\n-- );\n--\n-- And you have the following data:\n--\n-- INSERT INTO products (product_name, price, stock_quantity) VALUES\n-- ('Laptop', 1200.00, 50),\n-- ('Mouse', 25.00, 200),\n-- ('Keyboard', 75.00, 150);\n\n-- Now, let's update the price of the 'Laptop'\nUPDATE products\nSET price = 1250.00\nWHERE product_name = 'Laptop';\n```\n\n**The 'Why':**\n\nThe `UPDATE` statement is fundamental for managing dynamic data. For instance, in an e-commerce system, you'd use `UPDATE` to:\n*   Change a user's email address.\n*   Adjust the quantity of items in stock after a sale.\n*   Mark an order as 'shipped'.\n*   Correct any erroneous data entries.\n\n**Common Pitfall:** Forgetting the `WHERE` clause! This is the most common mistake with `UPDATE` and can lead to catastrophic data loss or corruption. Always double-check your `WHERE` clause before executing an `UPDATE` statement.\n\n#### The `INSERT` Statement: Adding New Data\n\nThe `INSERT` statement is used to add new rows of data into a table.\n\n**Syntax:**\n\n```sql\n-- Option 1: Specifying column names (recommended for clarity and robustness)\nINSERT INTO table_name (column1, column2, column3, ...)\nVALUES (value1, value2, value3, ...);\n\n-- Option 2: Inserting values for all columns in their defined order\nINSERT INTO table_name\nVALUES (value1, value2, value3, ...);\n```\n\n*   `table_name`: The name of the table where you want to add data.\n*   `(column1, column2, ...)`: The names of the columns you are providing values for. This is optional but highly recommended.\n*   `VALUES (value1, value2, ...)`: The actual values you want to insert. The order of values must match the order of the columns specified.\n\n**Practical Example:**\n\nLet's add a new product to our `products` table.\n\n```sql\n-- Inserting a new product using the recommended syntax\nINSERT INTO products (product_name, price, stock_quantity)\nVALUES ('Webcam', 50.00, 100);\n\n-- If you know the exact order and are inserting for all columns (and auto-increment IDs are handled)\n-- For example, if product_id was NOT auto-increment and you knew the next ID\n-- INSERT INTO products (product_id, product_name, price, stock_quantity)\n-- VALUES (4, 'Monitor', 300.00, 75);\n```\n\n**The 'Why':**\n\n`INSERT` is the lifeblood of any database that stores information. You'll use `INSERT` to:\n*   Register new users.\n*   Add new inventory items.\n*   Record new transactions or orders.\n*   Log events or audit trails.\n\n**Best Practice:** Always specify the column names when using `INSERT`. This makes your code more readable and resilient to future changes in the table schema (e.g., adding new columns with default values). If you omit column names and later add a column, your `INSERT` statements might break if they don't provide a value for the new column.\n\n#### Combining `INSERT` and `UPDATE`: The `UPSERT` Pattern\n\nIn some scenarios, you might want to insert a record if it doesn't exist, or update it if it does. This is often referred to as an "UPSERT" operation. While not a single SQL keyword in all databases, it's a common pattern.\n\n**Example (using `INSERT ... ON CONFLICT` in PostgreSQL):**\n\nPostgreSQL offers a specific syntax for this:\n\n```sql\n-- Let's say we have a unique constraint on product_name\n-- ALTER TABLE products ADD CONSTRAINT unique_product_name UNIQUE (product_name);\n\n-- Try to insert a new product, but if a product with the same name already exists, update its price and stock\nINSERT INTO products (product_name, price, stock_quantity)\nVALUES ('Mouse', 27.50, 180)\nON CONFLICT (product_name)\nDO UPDATE SET\n    price = EXCLUDED.price,\n    stock_quantity = EXCLUDED.stock_quantity;\n```\n\n*   `ON CONFLICT (product_name)`: This tells the database to watch for a conflict on the `product_name` column (assuming it's a unique constraint).\n*   `DO UPDATE SET ...`: If a conflict occurs, this clause specifies how to update the existing row.\n*   `EXCLUDED.price` and `EXCLUDED.stock_quantity`: These special keywords refer to the values that were attempted to be inserted.\n\n**Alternative Approaches (for other databases or older versions):**\n\n*   **Check First:** You can first check if a record exists using `SELECT`. If it does, perform an `UPDATE`. If not, perform an `INSERT`. This is less atomic and can lead to race conditions in highly concurrent environments.\n*   **`MERGE` Statement:** Some databases (like Oracle, SQL Server) support the `MERGE` statement, which is a more powerful way to perform conditional inserts or updates.\n\n**Key Takeaway:**\n\n`UPDATE` modifies existing data, and `UPDATE` without a `WHERE` clause is extremely dangerous. `INSERT` adds new data, and specifying column names makes your `INSERT` statements more robust. Understanding the "UPSERT" pattern can help you write more efficient and safer code for common data management tasks.	2026-03-14 20:00:41.582892	assistant	2026-03-14 20:00:41.582892	\N	\N	\N
173	89	wdsad	2026-03-15 11:16:59.935526	user	2026-03-15 11:16:59.935526	\N	\N	\N
174	89	wdsad	2026-03-15 11:16:59.993434	user	2026-03-15 11:16:59.993434	\N	\N	\N
175	89	Hello! I'm your Database TA. I'm here to help you with Seed Data, Schema Design, and Database Systems. Let's get started!\n\n---\n\n### Seed Data\n\nSeed data is pre-populated data that is inserted into a database when it is first created or deployed. It's useful for:\n*   Testing your application.\n*   Providing default configurations.\n*   Demonstrating functionality.\n\n**Example (SQL `INSERT` statements):**\n\n```sql\n-- Inserting into a 'users' table\nINSERT INTO users (username, email, created_at) VALUES\n('alice_wonder', 'alice@example.com', NOW()),\n('bob_builder', 'bob@example.com', NOW());\n\n-- Inserting into a 'products' table\nINSERT INTO products (name, price) VALUES\n('Laptop', 1200.00),\n('Mouse', 25.50);\n```\n\n---\n\n### Schema Design\n\nSchema design is the process of defining the structure of a database. It involves creating tables, defining columns, data types, relationships, and constraints. Good schema design ensures data integrity, efficiency, and maintainability.\n\n**Key Concepts:**\n*   **Tables:** Collections of related data.\n*   **Columns:** Attributes of a table.\n*   **Data Types:** Specify the type of data a column can hold (e.g., `INT`, `VARCHAR`, `DATE`).\n*   **Primary Keys:** Uniquely identify each row in a table.\n*   **Foreign Keys:** Establish relationships between tables.\n*   **Constraints:** Rules to enforce data integrity (e.g., `NOT NULL`, `UNIQUE`).\n\n**Example (SQL `CREATE TABLE` statements):**\n\n```sql\n-- Creating a 'users' table\nCREATE TABLE users (\n    user_id INT AUTO_INCREMENT PRIMARY KEY,\n    username VARCHAR(50) NOT NULL UNIQUE,\n    email VARCHAR(100) NOT NULL UNIQUE,\n    created_at TIMESTAMP DEFAULT CURRENT_TIMESTAMP\n);\n\n-- Creating a 'orders' table with a foreign key to 'users'\nCREATE TABLE orders (\n    order_id INT AUTO_INCREMENT PRIMARY KEY,\n    user_id INT,\n    order_date DATE NOT NULL,\n    total_amount DECIMAL(10, 2),\n    FOREIGN KEY (user_id) REFERENCES users(user_id)\n);\n```\n\n---\n\n### Database Systems\n\nDatabase systems (DBMS) are software that allows users to create, read, update, and delete data in a database. They manage the data, enforce integrity, and provide tools for querying and administration.\n\n**Examples of DBMS:**\n*   **Relational Databases:** MySQL, PostgreSQL, SQLite, Oracle, SQL Server.\n*   **NoSQL Databases:** MongoDB, Cassandra, Redis.\n\n**Common Operations (SQL examples):**\n\n*   **Create:** `CREATE DATABASE database_name;`\n*   **Read (Query):**\n    ```sql\n    SELECT username, email FROM users WHERE user_id = 1;\n    ```\n*   **Update:**\n    ```sql\n    UPDATE products SET price = 1150.00 WHERE name = 'Laptop';\n    ```\n*   **Delete:**\n    ```sql\n    DELETE FROM users WHERE username = 'bob_builder';\n    ```\n\n---\n\nFeel free to ask any questions you have about these topics!	2026-03-15 11:17:04.878932	assistant	2026-03-15 11:17:04.878932	\N	\N	\N
183	92	a	2026-03-15 12:54:26.833959	user	2026-03-15 12:54:26.833959	\N	\N	\N
184	92	a	2026-03-15 12:54:26.888944	user	2026-03-15 12:54:26.888944	\N	\N	\N
185	92	Hello! I'm your Database TA. Let's get started.\n\n### Seed Data\n\nSeed data are initial records inserted into a database to populate it for testing or development.\n\n**Example (SQL):**\n\n```sql\nINSERT INTO users (username, email) VALUES\n('alice', 'alice@example.com'),\n('bob', 'bob@example.com');\n```\n\n### Schema Design\n\nSchema design is the process of planning and creating the structure of a database, including tables, columns, and relationships.\n\n**Example (SQL - Table Creation):**\n\n```sql\nCREATE TABLE products (\n    product_id INT PRIMARY KEY AUTO_INCREMENT,\n    product_name VARCHAR(255) NOT NULL,\n    price DECIMAL(10, 2)\n);\n```\n\n### Database Systems\n\nDatabase systems are software that manage and organize data, allowing for storage, retrieval, and manipulation. Examples include:\n\n*   **Relational:** PostgreSQL, MySQL, SQL Server\n*   **NoSQL:** MongoDB, Cassandra, Redis\n\n---\n\n**Ready for your questions!**	2026-03-15 12:54:30.569144	assistant	2026-03-15 12:54:30.569144	\N	\N	\N
190	95	ws	2026-03-15 13:01:10.640229	user	2026-03-15 13:01:10.640229	\N	\N	\N
191	95	ws	2026-03-15 13:01:10.727557	user	2026-03-15 13:01:10.727557	\N	\N	\N
192	95	Hello! I'm your Database Teaching Assistant, ready to help you master Seed Data, Schema Design, and Database Systems. Let's dive in!\n\n### Why Seed Data Matters\n\nSeed data is pre-existing data that you insert into your database. It's crucial for several reasons:\n\n*   **Development:** It provides a realistic environment for developers to test features and understand the application's state.\n*   **Testing:** It's essential for integration and end-to-end tests, ensuring your application behaves as expected with actual data.\n*   **Demonstration:** It can be used to showcase application features or set up initial configurations.\n*   **Onboarding:** New team members can get up and running quickly by having a pre-populated database.\n\n---\n\n### Generating Realistic Seed Data with Faker\n\nManually creating seed data can be tedious and doesn't reflect real-world scenarios. The `Faker` gem in Ruby allows you to generate realistic, random data for various attributes, making your seeds more robust.\n\nHere's an example of how to use `Faker` to create users with realistic names, emails, and addresses:\n\n```ruby\n# db/seeds.rb\n\n# Ensure Faker is loaded\nrequire 'faker'\n\n# Clear existing data to avoid duplicates if running seeds multiple times\nputs "Clearing existing data..."\nUser.delete_all\nPost.delete_all\nComment.delete_all\n\nputs "Creating users..."\n# Create 10 sample users\n10.times do\n  User.create!(\n    name: Faker::Name.name, # Generates a random full name\n    email: Faker::Internet.unique.email, # Generates a unique, realistic email address\n    bio: Faker::Lorem.paragraph(sentence_count: 3) # Generates a short paragraph for bio\n  )\nend\n\nputs "Creating posts..."\n# Create posts for each user\nUser.all.each do |user|\n  # Each user creates 3 to 7 posts\n  rand(3..7).times do\n    Post.create!(\n      user: user, # Associates the post with the current user\n      title: Faker::Book.title, # Generates a random book title for post title\n      body: Faker::Lorem.paragraphs(number: rand(3..8)).join("\\n\\n") # Generates multi-paragraph content\n    )\n  end\nend\n\nputs "Creating comments..."\n# Create comments for each post\nPost.all.each do |post|\n  # Each post gets 5 to 15 comments\n  rand(5..15).times do\n    Comment.create!(\n      post: post, # Associates the comment with the current post\n      user: User.order(Arel.sql('RANDOM()')).first, # Selects a random user for the comment\n      body: Faker::ChuckNorris.fact # Uses a fun fact for comment body\n    )\n  end\nend\n\nputs "Seeding complete!"\n```\n\n**Explanation:**\n\n*   We use `User.delete_all`, `Post.delete_all`, etc., to ensure a clean slate before seeding. This is good practice for development.\n*   `Faker::Name.name` generates names like "Dr. John Smith Jr.".\n*   `Faker::Internet.unique.email` ensures each email is distinct, which is important for fields with unique constraints.\n*   We loop through existing users to create posts and then through posts to create comments, establishing relationships.\n*   `User.order(Arel.sql('RANDOM()')).first` is a PostgreSQL-specific way to get a random user. For MySQL, you might use `User.order('RAND()').first`.\n\n**Pro Tip:** For complex associations or when dealing with large datasets, consider using libraries like `FactoryBot` (formerly `FactoryGirl`). Factories offer more control and flexibility than simple `create!` calls in `seeds.rb`, especially for testing.\n\n---\n\n### Schema Design: Introducing Indexes\n\nIndexes are special lookup tables that the database search engine can use to speed up data retrieval operations. Without an index, the database has to scan through every row in a table to find the records that match your query conditions.\n\nConsider a `users` table. If you frequently query users by their `email` address (e.g., for login), adding an index on the `email` column will drastically improve performance.\n\nHere's how you'd add an index using a Rails migration:\n\n```ruby\n# db/migrate/YYYYMMDDHHMMSS_add_index_to_users_email.rb\n\nclass AddIndexToUsersEmail < ActiveRecord::Migration[7.0]\n  def change\n    # Add a unique index on the 'email' column of the 'users' table.\n    # A unique index ensures that no two users can have the same email address.\n    # It also speeds up lookups when searching for a user by their email.\n    add_index :users, :email, unique: true\n  end\nend\n```\n\n**Explanation:**\n\n*   `add_index :users, :email` tells Rails to create an index on the `email` column in the `users` table.\n*   `unique: true` not only speeds up lookups but also enforces data integrity by preventing duplicate email addresses.\n\nTo apply this migration, you would run:\n\n```bash\nrails db:migrate\n```\n\n**SQL Equivalent (PostgreSQL):**\n\n```sql\n-- This is the SQL command that Rails' add_index generates.\n-- It creates a B-tree index (the default type) on the email column of the users table.\n-- The UNIQUE constraint is also enforced by the index.\nCREATE UNIQUE INDEX "index_users_on_email" ON "users" ("email");\n```\n\n**Pro Tip:** Analyze your queries using `EXPLAIN` (or `EXPLAIN ANALYZE`). This command shows you how the database executes a query, revealing if it's performing full table scans or using indexes effectively. Regularly optimize your schema based on these insights. Avoid over-indexing, as indexes add overhead to write operations (INSERT, UPDATE, DELETE).	2026-03-15 13:01:20.72536	assistant	2026-03-15 13:01:20.72536	\N	\N	\N
199	96	can you create xml file ?\n\n	2026-03-15 13:05:57.819036	user	2026-03-15 13:05:57.819036	\N	\N	\N
200	96	can you create xml file ?\n\n	2026-03-15 13:05:57.832204	user	2026-03-15 13:05:57.832204	\N	\N	\N
202	97	awdasd	2026-03-15 13:08:01.890597	user	2026-03-15 13:08:01.890597	\N	\N	\N
203	97	awdasd	2026-03-15 13:08:01.949196	user	2026-03-15 13:08:01.949196	\N	\N	\N
204	97	Hello! I'm ready to help you with your database questions. Feel free to ask me about Seed Data, Schema Design, or Database Systems. I'll provide clear explanations and working code examples.\n\nWhat can I help you with today?	2026-03-15 13:08:03.51872	assistant	2026-03-15 13:08:03.51872	\N	\N	\N
205	97	I would like to build an xml 1:N xml file\n	2026-03-15 13:08:26.095681	user	2026-03-15 13:08:26.095681	\N	\N	\N
206	97	I would like to build an xml 1:N xml file\n	2026-03-15 13:08:26.10496	user	2026-03-15 13:08:26.10496	\N	\N	\N
63	26	esrdtfj	2026-03-14 16:06:11.573982	user	2026-03-14 16:06:11.573982	\N	\N	\N
64	26	esrdtfj	2026-03-14 16:06:11.630638	user	2026-03-14 16:06:11.630638	\N	\N	\N
65	26	## Seed Data, Schema Design, and Database Systems: A TA's Guide\n\nThis document provides concise explanations and examples for key database concepts.\n\n---\n\n### 1. Seed Data\n\n**Definition:** Seed data refers to the initial set of data populated into a database when it's first created or deployed. It's crucial for testing, development, and providing a starting point for applications.\n\n**Purpose:**\n\n*   **Testing:** Validates database functionality and application logic.\n*   **Development:** Provides sample data for developers to work with.\n*   **Demonstration:** Showcases application features with pre-filled content.\n*   **Default Configuration:** Establishes necessary initial settings or lookup values.\n\n**Example (SQL - PostgreSQL):**\n\n```sql\n-- Seed table for user roles\nINSERT INTO roles (id, name) VALUES\n(1, 'Administrator'),\n(2, 'Editor'),\n(3, 'Viewer');\n\n-- Seed table for categories\nINSERT INTO categories (id, name, description) VALUES\n(1, 'Technology', 'Articles about technology'),\n(2, 'Science', 'Articles about scientific discoveries');\n```\n\n---\n\n### 2. Schema Design\n\n**Definition:** Schema design is the process of defining the structure of a database, including tables, columns, data types, relationships, constraints, and indexes. A well-designed schema ensures data integrity, efficiency, and scalability.\n\n**Key Principles:**\n\n*   **Normalization:** Reducing data redundancy and improving data integrity.\n*   **Data Types:** Choosing appropriate types for each column to optimize storage and validation.\n*   **Primary Keys:** Uniquely identifying each record in a table.\n*   **Foreign Keys:** Establishing relationships between tables, enforcing referential integrity.\n*   **Indexes:** Speeding up data retrieval operations.\n*   **Constraints:** Enforcing business rules and data validity (e.g., `NOT NULL`, `UNIQUE`, `CHECK`).\n\n**Example (SQL - PostgreSQL):**\n\n```sql\n-- Schema definition for a blog\nCREATE TABLE users (\n    user_id SERIAL PRIMARY KEY,\n    username VARCHAR(50) UNIQUE NOT NULL,\n    email VARCHAR(255) UNIQUE NOT NULL,\n    created_at TIMESTAMP WITH TIME ZONE DEFAULT CURRENT_TIMESTAMP\n);\n\nCREATE TABLE posts (\n    post_id SERIAL PRIMARY KEY,\n    user_id INT NOT NULL,\n    title VARCHAR(255) NOT NULL,\n    content TEXT,\n    published_at TIMESTAMP WITH TIME ZONE,\n    created_at TIMESTAMP WITH TIME ZONE DEFAULT CURRENT_TIMESTAMP,\n    FOREIGN KEY (user_id) REFERENCES users(user_id) ON DELETE CASCADE\n);\n\nCREATE TABLE comments (\n    comment_id SERIAL PRIMARY KEY,\n    post_id INT NOT NULL,\n    user_id INT, -- Can be NULL if anonymous comments are allowed\n    content TEXT NOT NULL,\n    created_at TIMESTAMP WITH TIME ZONE DEFAULT CURRENT_TIMESTAMP,\n    FOREIGN KEY (post_id) REFERENCES posts(post_id) ON DELETE CASCADE,\n    FOREIGN KEY (user_id) REFERENCES users(user_id) ON DELETE SET NULL\n);\n\n-- Index for faster retrieval of posts by user\nCREATE INDEX idx_posts_user_id ON posts(user_id);\n```\n\n---\n\n### 3. Database Systems\n\n**Definition:** Database systems (or Database Management Systems - DBMS) are software applications that provide an interface to create, manage, and interact with databases. They handle data storage, retrieval, security, and integrity.\n\n**Types of DBMS:**\n\n*   **Relational DBMS (RDBMS):** Organize data into tables with predefined relationships. Examples: PostgreSQL, MySQL, Oracle, SQL Server.\n*   **NoSQL DBMS:** Offer flexible data models, often for large-scale, distributed data. Examples: MongoDB (Document), Cassandra (Column-family), Redis (Key-Value).\n\n**Key Functions:**\n\n*   **Data Definition Language (DDL):** Used to define the database schema (e.g., `CREATE`, `ALTER`, `DROP`).\n*   **Data Manipulation Language (DML):** Used to manage data within the schema (e.g., `INSERT`, `SELECT`, `UPDATE`, `DELETE`).\n*   **Data Control Language (DCL):** Manages access rights and permissions (e.g., `GRANT`, `REVOKE`).\n*   **Transaction Management:** Ensures data consistency through ACID properties (Atomicity, Consistency, Isolation, Durability).\n*   **Concurrency Control:** Manages simultaneous access to data.\n*   **Backup and Recovery:** Protects data from loss.\n\n**Example (SQL - PostgreSQL Interaction):**\n\n**Connecting to the Database:**\n\n```bash\npsql -h localhost -U your_username -d your_database_name\n```\n\n**Executing DDL and DML:**\n\n```sql\n-- Create a new table (DDL)\nCREATE TABLE products (\n    product_id SERIAL PRIMARY KEY,\n    product_name VARCHAR(100) NOT NULL,\n    price DECIMAL(10, 2) CHECK (price >= 0)\n);\n\n-- Insert data (DML)\nINSERT INTO products (product_name, price) VALUES\n('Laptop', 1200.50),\n('Keyboard', 75.00);\n\n-- Select data (DML)\nSELECT product_name, price FROM products WHERE price > 100;\n\n-- Update data (DML)\nUPDATE products SET price = 79.99 WHERE product_name = 'Keyboard';\n\n-- Delete data (DML)\nDELETE FROM products WHERE product_name = 'Laptop';\n```	2026-03-14 16:06:17.699109	assistant	2026-03-14 16:06:17.699109	\N	\N	\N
214	99	how to setup a database?\n	2026-03-15 13:21:09.454386	user	2026-03-15 13:21:09.454386	\N	\N	\N
215	99	how to setup a database?\n	2026-03-15 13:21:09.463387	user	2026-03-15 13:21:09.463387	\N	\N	\N
90	31	AasaSas	2026-03-14 16:22:10.349407	user	2026-03-14 16:22:10.349407	\N	\N	\N
91	31	AasaSas	2026-03-14 16:22:10.401897	user	2026-03-14 16:22:10.401897	\N	\N	\N
92	31	Hello! I'm ready to assist you with your database questions. Please feel free to ask about Seed Data, Schema Design, or Database Systems.\n\n---\n\n### Seed Data\n\nSeed data refers to the initial data loaded into a database when it's first created or deployed. It's crucial for testing, development, and sometimes for providing default configurations.\n\n**Example: Inserting Seed Data into a PostgreSQL table**\n\n```sql\n-- Assume a 'users' table exists with 'id' and 'username' columns.\n\nINSERT INTO users (id, username) VALUES\n(1, 'alice'),\n(2, 'bob'),\n(3, 'charlie');\n```\n\n---\n\n### Schema Design\n\nSchema design is the process of defining the structure of a database, including tables, columns, data types, relationships, and constraints. A well-designed schema ensures data integrity, efficiency, and scalability.\n\n**Example: Creating a simple schema for a blog**\n\n```sql\n-- Create the 'users' table\nCREATE TABLE users (\n    user_id SERIAL PRIMARY KEY,\n    username VARCHAR(50) UNIQUE NOT NULL,\n    email VARCHAR(100) UNIQUE NOT NULL,\n    created_at TIMESTAMP WITH TIME ZONE DEFAULT CURRENT_TIMESTAMP\n);\n\n-- Create the 'posts' table\nCREATE TABLE posts (\n    post_id SERIAL PRIMARY KEY,\n    author_id INTEGER NOT NULL REFERENCES users(user_id) ON DELETE CASCADE,\n    title VARCHAR(255) NOT NULL,\n    content TEXT,\n    created_at TIMESTAMP WITH TIME ZONE DEFAULT CURRENT_TIMESTAMP\n);\n\n-- Create the 'comments' table\nCREATE TABLE comments (\n    comment_id SERIAL PRIMARY KEY,\n    post_id INTEGER NOT NULL REFERENCES posts(post_id) ON DELETE CASCADE,\n    user_id INTEGER REFERENCES users(user_id) ON DELETE SET NULL, -- Allow anonymous comments\n    comment_text TEXT NOT NULL,\n    created_at TIMESTAMP WITH TIME ZONE DEFAULT CURRENT_TIMESTAMP\n);\n```\n\n---\n\n### Database Systems\n\nDatabase systems are software applications that allow users to store, retrieve, manage, and organize data. They are built upon database models (e.g., relational, NoSQL) and offer various functionalities.\n\n**Example: Basic SQL Query (Relational Database System - e.g., PostgreSQL, MySQL)**\n\n```sql\n-- Select all users who have created posts\nSELECT DISTINCT u.username\nFROM users u\nJOIN posts p ON u.user_id = p.author_id;\n```\n\n**Example: Basic Document Retrieval (NoSQL Document Database - e.g., MongoDB)**\n\n```javascript\n// Assume a 'users' collection with documents like:\n// { "_id": ObjectId("..."), "username": "alice", "email": "alice@example.com" }\n\n// Find all users\ndb.users.find({});\n\n// Find a user by username\ndb.users.findOne({ "username": "alice" });\n```\n\n---\n\nWhat specific topic or question would you like to discuss first?	2026-03-14 16:22:14.261729	assistant	2026-03-14 16:22:14.261729	\N	\N	\N
144	65	asdasd	2026-03-14 18:52:04.086347	user	2026-03-14 18:52:04.086347	\N	\N	\N
145	65	asdasd	2026-03-14 18:52:04.146852	user	2026-03-14 18:52:04.146852	\N	\N	\N
149	67	qwe	2026-03-14 19:00:38.187639	user	2026-03-14 19:00:38.187639	\N	\N	\N
150	67	qwe	2026-03-14 19:00:38.24728	user	2026-03-14 19:00:38.24728	\N	\N	\N
155	72	asd	2026-03-14 19:31:41.889167	user	2026-03-14 19:31:41.889167	\N	\N	\N
156	72	asd	2026-03-14 19:31:41.990549	user	2026-03-14 19:31:41.990549	\N	\N	\N
160	75	EWawe	2026-03-14 19:52:40.024683	user	2026-03-14 19:52:40.024683	\N	\N	\N
161	75	EWawe	2026-03-14 19:52:40.090917	user	2026-03-14 19:52:40.090917	\N	\N	\N
170	88	wdasd	2026-03-14 20:20:02.133247	user	2026-03-14 20:20:02.133247	\N	\N	\N
171	88	wdasd	2026-03-14 20:20:02.216307	user	2026-03-14 20:20:02.216307	\N	\N	\N
176	90	dsada	2026-03-15 12:39:44.549771	user	2026-03-15 12:39:44.549771	\N	\N	\N
177	90	dsada	2026-03-15 12:39:44.600096	user	2026-03-15 12:39:44.600096	\N	\N	\N
178	90	Understood. I am ready to assist with your questions regarding seed data, schema design, and database systems. Please present your query.	2026-03-15 12:39:47.92645	assistant	2026-03-15 12:39:47.92645	\N	\N	\N
179	90	dsada	2026-03-15 12:40:01.488595	user	2026-03-15 12:40:01.488595	\N	\N	\N
180	90	dsada	2026-03-15 12:40:01.496849	user	2026-03-15 12:40:01.496849	\N	\N	\N
181	90	I am ready to help with your questions. Please provide your specific query about seed data, schema design, or database systems.	2026-03-15 12:40:03.744141	assistant	2026-03-15 12:40:03.744141	\N	\N	\N
186	93	as	2026-03-15 12:58:43.24137	user	2026-03-15 12:58:43.24137	\N	\N	\N
193	96	asd	2026-03-15 13:05:09.867779	user	2026-03-15 13:05:09.867779	\N	\N	\N
194	96	asd	2026-03-15 13:05:09.917621	user	2026-03-15 13:05:09.917621	\N	\N	\N
195	96	Let's get started! How can I help you with Seed Data, Schema Design, or Database Systems today?	2026-03-15 13:05:11.355474	assistant	2026-03-15 13:05:11.355474	\N	\N	\N
95	33	as	2026-03-14 16:26:46.2719	user	2026-03-14 16:26:46.2719	\N	\N	\N
96	33	as	2026-03-14 16:26:46.314624	user	2026-03-14 16:26:46.314624	\N	\N	\N
97	34	qw	2026-03-14 16:29:09.779491	user	2026-03-14 16:29:09.779491	\N	\N	\N
98	34	qw	2026-03-14 16:29:09.840355	user	2026-03-14 16:29:09.840355	\N	\N	\N
99	35	oi	2026-03-14 16:31:14.175073	user	2026-03-14 16:31:14.175073	\N	\N	\N
100	35	oi	2026-03-14 16:31:14.228058	user	2026-03-14 16:31:14.228058	\N	\N	\N
101	35	As your Database TA, I'm here to help with Seed Data, Schema Design, and Database Systems. Please ask your specific questions, and I'll provide concise Markdown answers with code examples.\n\n---\n\n**What is Seed Data?**\n\nSeed data is a set of initial data loaded into a database to populate it for testing, development, or to provide default values.\n\n**Example (SQL):**\n\n```sql\n-- Inserting a new user\nINSERT INTO users (username, email, created_at)\nVALUES ('alice_wonderland', 'alice@example.com', NOW());\n\n-- Inserting a new product\nINSERT INTO products (name, price, description)\nVALUES ('Laptop', 1200.00, 'High-performance laptop');\n```\n\n---\n\n**What is Schema Design?**\n\nSchema design is the process of defining the structure of a database, including tables, columns, data types, relationships, and constraints.\n\n**Example (SQL - Creating a table):**\n\n```sql\nCREATE TABLE users (\n    user_id INT PRIMARY KEY AUTO_INCREMENT,\n    username VARCHAR(50) NOT NULL UNIQUE,\n    email VARCHAR(100) NOT NULL UNIQUE,\n    created_at TIMESTAMP DEFAULT CURRENT_TIMESTAMP\n);\n```\n\n---\n\n**What is a Database System?**\n\nA database system (or Database Management System - DBMS) is software that allows users to create, maintain, and control access to databases. It provides an interface for interacting with the data.\n\n**Example (Conceptual - using a SQL DBMS):**\n\nYou interact with a SQL DBMS (like PostgreSQL, MySQL, SQLite) using SQL queries.\n\n```sql\n-- Selecting all users from the 'users' table\nSELECT * FROM users;\n```	2026-03-14 16:32:05.536478	assistant	2026-03-14 16:32:05.536478	\N	\N	\N
196	96	Seed Data\n	2026-03-15 13:05:25.961619	user	2026-03-15 13:05:25.961619	\N	\N	\N
197	96	Seed Data\n	2026-03-15 13:05:25.972799	user	2026-03-15 13:05:25.972799	\N	\N	\N
208	98	s<	2026-03-15 13:14:26.331238	user	2026-03-15 13:14:26.331238	\N	\N	\N
105	37	wr3	2026-03-14 16:41:12.074937	user	2026-03-14 16:41:12.074937	\N	\N	\N
106	37	wr3	2026-03-14 16:41:12.082255	user	2026-03-14 16:41:12.082255	\N	\N	\N
107	37	⏳ The AI service is currently busy due to rate limits. Please wait a moment and try again. (Error: You exceeded your current quota, please check your plan and billing details)	2026-03-14 16:44:04.499601	assistant	2026-03-14 16:44:04.499601	\N	\N	\N
108	38	rtsz	2026-03-14 16:48:41.935942	user	2026-03-14 16:48:41.935942	\N	\N	\N
109	38	rtsz	2026-03-14 16:48:42.003993	user	2026-03-14 16:48:42.003993	\N	\N	\N
110	38	⏳ The AI service is currently busy due to rate limits. Please wait a moment and try again. (Error: You exceeded your current quota, please check your plan and billing details)	2026-03-14 16:51:05.021149	assistant	2026-03-14 16:51:05.021149	\N	\N	\N
111	39	set	2026-03-14 16:54:29.498261	user	2026-03-14 16:54:29.498261	\N	\N	\N
112	39	set	2026-03-14 16:54:29.552639	user	2026-03-14 16:54:29.552639	\N	\N	\N
113	39	⏳ The AI service is currently busy due to rate limits. Please wait a moment and try again. (Error: You exceeded your current quota, please check your plan and billing details)	2026-03-14 16:57:05.069662	assistant	2026-03-14 16:57:05.069662	\N	\N	\N
114	40	construa um schema\n	2026-03-14 16:57:23.828554	user	2026-03-14 16:57:23.828554	\N	\N	\N
115	40	construa um schema\n	2026-03-14 16:57:23.88658	user	2026-03-14 16:57:23.88658	\N	\N	\N
116	40	Okay, I'll help you construct a database schema. To give you the best possible schema, I need a bit more information. Please tell me what kind of data you want to store.\n\nFor example, are you building a schema for:\n\n*   A library?\n*   An e-commerce store?\n*   A social media platform?\n*   A university system?\n*   A project management tool?\n\nOnce you provide the domain, I can offer a concise schema design with SQL examples.\n\n---\n\n**In the meantime, here's a very basic example of a schema for a simple "Users" table as a starting point:**\n\n```sql\n-- Schema: public\n-- Description: General purpose tables.\n\n-- Table: users\n-- Description: Stores information about registered users.\nCREATE TABLE users (\n    user_id SERIAL PRIMARY KEY,           -- Unique identifier for each user, auto-incrementing.\n    username VARCHAR(50) NOT NULL UNIQUE, -- User's chosen username, must be unique and not empty.\n    email VARCHAR(100) NOT NULL UNIQUE,   -- User's email address, must be unique and not empty.\n    password_hash VARCHAR(255) NOT NULL,  -- Hashed password for security.\n    created_at TIMESTAMP WITH TIME ZONE DEFAULT CURRENT_TIMESTAMP, -- Timestamp when the user was created.\n    updated_at TIMESTAMP WITH TIME ZONE DEFAULT CURRENT_TIMESTAMP  -- Timestamp when the user was last updated.\n);\n\n-- Index for faster lookups on username and email.\nCREATE INDEX idx_users_username ON users (username);\nCREATE INDEX idx_users_email ON users (email);\n\n-- Seed Data Example (for the users table):\nINSERT INTO users (username, email, password_hash) VALUES\n('alice', 'alice@example.com', 'hashed_password_alice'),\n('bob', 'bob@example.com', 'hashed_password_bob');\n```\n\n**Explanation of Components:**\n\n*   **`CREATE TABLE`**: The SQL command to define a new table.\n*   **`SERIAL PRIMARY KEY`**: Automatically generates a unique, auto-incrementing integer for the `user_id`. This is the primary key, ensuring each row is uniquely identifiable.\n*   **`VARCHAR(n)`**: A variable-length string data type with a maximum length of `n` characters.\n*   **`NOT NULL`**: Ensures that a column cannot have a `NULL` value.\n*   **`UNIQUE`**: Ensures that all values in a column are different from each other.\n*   **`PASSWORD_HASH`**: Storing plain text passwords is a security risk. Always store hashed passwords.\n*   **`TIMESTAMP WITH TIME ZONE`**: Stores a date and time, including time zone information.\n*   **`DEFAULT CURRENT_TIMESTAMP`**: Automatically sets the value to the current time when a record is inserted.\n*   **`CREATE INDEX`**: Improves the performance of data retrieval operations by creating an index on specified columns.\n*   **`INSERT INTO`**: The SQL command to add new rows (seed data) into a table.\n\n---\n\n**Please tell me what you're building, and I'll provide a more tailored schema!**	2026-03-14 16:59:04.451437	assistant	2026-03-14 16:59:04.451437	\N	\N	\N
117	42	we4rtzhjk	2026-03-14 17:02:16.111204	user	2026-03-14 17:02:16.111204	\N	\N	\N
118	43	df	2026-03-14 17:06:56.114757	user	2026-03-14 17:06:56.114757	\N	\N	\N
209	98	s<	2026-03-15 13:14:26.383928	user	2026-03-15 13:14:26.383928	\N	\N	\N
216	99	It seems you're asking about setting up a database! I can definitely help with that. The specific steps and configurations depend on the database system you're using and your application framework.\n\nTo give you the most accurate and helpful guidance, could you tell me:\n\n1.  **Which database system are you interested in?** (e.g., PostgreSQL, MySQL, SQLite)\n2.  **What programming language or framework are you using?** (e.g., Ruby on Rails, Laravel/PHP, Python/Django, Node.js/Express)\n\nOnce I have that information, I can provide you with specific `database.yml` or equivalent configuration examples, along with the commands to create and migrate your database.\n\nIn the meantime, here's a general overview of the process, using a common scenario: **Setting up PostgreSQL for a Ruby on Rails application.**\n\n---\n\n### **Setting up PostgreSQL for a Rails App**\n\nThis guide covers setting up PostgreSQL for a development environment within a Ruby on Rails application.\n\n1.  **Explanation**:\n    Database setup involves installing the database system, creating a database for your application, and configuring your application to connect to it. For Rails, this is typically managed through the `config/database.yml` file and Rake tasks.\n\n2.  **Code Example**:\n    Here's how you'd configure your `config/database.yml` file for PostgreSQL:\n\n    ```yaml\n    # config/database.yml\n\n    default: &default\n      adapter: postgresql\n      encoding: unicode\n      pool: 5 # Adjust based on your expected concurrent connections\n      username: your_db_user # Replace with your PostgreSQL username\n      password: your_db_password # Replace with your PostgreSQL password (optional in dev if no auth)\n\n    development:\n      <<: *default\n      database: myapp_development # Your application's database name for development\n\n    test:\n      <<: *default\n      database: myapp_test # Your application's database name for testing\n\n    production:\n      <<: *default\n      database: myapp_production # Your application's database name for production\n      url: <%= ENV['DATABASE_URL'] %> # Typically set via environment variable in production\n    ```\n\n    **Explanation of `config/database.yml` sections:**\n    *   `default`: Contains common settings applied to all environments.\n        *   `adapter`: Specifies the database system (e.g., `postgresql`, `mysql`).\n        *   `encoding`: Ensures proper character encoding.\n        *   `pool`: The number of connections to keep open in the connection pool.\n        *   `username`/`password`: Credentials for connecting to the database.\n    *   `development`, `test`, `production`: Environment-specific configurations that override or add to the `default` settings.\n\n3.  **Setup Instructions**:\n\n    **Step 1: Install PostgreSQL**\n    *   **macOS (using Homebrew)**:\n        ```bash\n        brew install postgresql\n        brew services start postgresql\n        ```\n    *   **Linux (Debian/Ubuntu)**:\n        ```bash\n        sudo apt update\n        sudo apt install postgresql postgresql-contrib\n        sudo -u postgres psql -c "ALTER USER postgres PASSWORD 'your_strong_password';" # Set a password for the postgres user\n        ```\n    *   **Linux (Fedora/CentOS)**:\n        ```bash\n        sudo dnf install postgresql-server postgresql-contrib\n        sudo postgresql-setup initdb\n        sudo systemctl enable postgresql\n        sudo systemctl start postgresql\n        ```\n    *   **Windows**: Download the installer from the official PostgreSQL website.\n\n    **Step 2: Create a Database User (Recommended)**\n    It's good practice to create a dedicated user for your application rather than using the default `postgres` superuser.\n    *   Connect to PostgreSQL as the `postgres` user:\n        ```bash\n        # On Linux/macOS, if you installed with default setup\n        sudo -u postgres psql\n        ```\n    *   Inside the `psql` prompt:\n        ```sql\n        -- Create a new user\n        CREATE USER your_db_user WITH PASSWORD 'your_db_password';\n\n        -- Grant privileges (optional, depending on your needs)\n        -- CREATE DATABASE myapp_development OWNER your_db_user;\n        -- CREATE DATABASE myapp_test OWNER your_db_user;\n\n        -- Or grant all privileges on databases you will create\n        ALTER USER your_db_user CREATEDB;\n        ```\n    *   Exit `psql`: `\\q`\n\n    **Step 3: Configure `config/database.yml`**\n    *   Edit your Rails application's `config/database.yml` file.\n    *   Update the `username` and `password` in the `default` section to match the user you created.\n    *   Ensure the `database` names (`myapp_development`, `myapp_test`, `myapp_production`) are what you want.\n\n    **Step 4: Create and Migrate the Database**\n    Once PostgreSQL is installed and `config/database.yml` is set up, you can create the database and run your migrations:\n    ```bash\n    # Navigate to your Rails application's root directory\n    cd path/to/your/rails_app\n\n    # Create the database for the current environment (e.g., development)\n    rails db:create\n\n    # Run your database migrations to set up the schema\n    rails db:migrate\n    ```\n\n4.  **Pro Tips**:\n    *   **Environment Variables**: For production, **always** use environment variables (like `DATABASE_URL`) to manage sensitive credentials. This keeps them out of your version control.\n    *   **Connection Pooling**: Adjust the `pool` size in `database.yml` based on your application's expected load. Too few can cause bottlenecks, too many can exhaust database resources.\n    *   **Security**: Never commit your production database password to your repository. Use environment variables or a secrets management system.\n    *   **Docker**: If you're using Docker, you'll configure your database service within your `docker-compose.yml` and link your application container to it. The `DATABASE_URL` can then be passed as an environment variable to your application.\n\nLet me know which database and framework you're working with, and I can provide a more tailored setup!	2026-03-15 13:21:18.071185	assistant	2026-03-15 13:21:18.071185	\N	\N	\N
217	99	lk\n	2026-03-15 13:21:45.99479	user	2026-03-15 13:21:45.99479	\N	\N	\N
218	99	lk\n	2026-03-15 13:21:46.003072	user	2026-03-15 13:21:46.003072	\N	\N	\N
146	66	asdasd	2026-03-14 18:53:22.391263	user	2026-03-14 18:53:22.391263	\N	\N	\N
147	66	asdasd	2026-03-14 18:53:22.470134	user	2026-03-14 18:53:22.470134	\N	\N	\N
151	70	asdasd	2026-03-14 19:21:47.88328	user	2026-03-14 19:21:47.88328	\N	\N	\N
152	70	asdasd	2026-03-14 19:21:47.934875	user	2026-03-14 19:21:47.934875	\N	\N	\N
157	73	adasd	2026-03-14 19:37:17.535439	user	2026-03-14 19:37:17.535439	\N	\N	\N
125	56	asasdasd	2026-03-14 18:04:44.113912	user	2026-03-14 18:04:44.113912	\N	\N	\N
126	56	asasdasd	2026-03-14 18:04:44.170268	user	2026-03-14 18:04:44.170268	\N	\N	\N
127	56	asasdasd	2026-03-14 18:04:46.043489	user	2026-03-14 18:04:46.043489	\N	\N	\N
128	56	asasdasd	2026-03-14 18:04:46.049388	user	2026-03-14 18:04:46.049388	\N	\N	\N
129	56	asasdasd	2026-03-14 18:04:47.300675	user	2026-03-14 18:04:47.300675	\N	\N	\N
130	56	asasdasd	2026-03-14 18:04:47.308099	user	2026-03-14 18:04:47.308099	\N	\N	\N
131	56	Okay, I'm ready! Ask away about Seed Data, Schema Design, or Database Systems.\n\n***\n\n### Seed Data\n\n**What is seed data?**\n\nSeed data refers to the initial set of data used to populate a database. It's crucial for testing, development, and sometimes even for providing default or essential information in a production environment.\n\n**Example:**\n\nLet's say you're building a simple blogging platform. Seed data would be used to create some initial blog posts, users, and categories.\n\n**SQL Seed Data (using `INSERT` statements):**\n\n```sql\n-- Seed data for users table\nINSERT INTO users (username, email) VALUES\n('alice', 'alice@example.com'),\n('bob', 'bob@example.com');\n\n-- Seed data for categories table\nINSERT INTO categories (name) VALUES\n('Technology'),\n('Travel'),\n('Food');\n\n-- Seed data for posts table\nINSERT INTO posts (title, content, user_id, category_id) VALUES\n('My First Post', 'This is the content of my first post.', 1, 1),\n('Exploring Kyoto', 'Beautiful temples and delicious ramen.', 2, 2);\n```\n\n***\n\n### Schema Design\n\n**What is schema design?**\n\nSchema design is the process of defining the structure of your database. It involves creating tables, specifying columns, defining relationships between tables, and setting constraints. Good schema design leads to efficient storage, data integrity, and easier querying.\n\n**Key Principles:**\n\n*   **Normalization:** Reducing data redundancy and improving data integrity.\n*   **Data Types:** Choosing appropriate data types for each column.\n*   **Primary Keys:** Uniquely identifying rows in a table.\n*   **Foreign Keys:** Establishing relationships between tables.\n\n**Example: A simple e-commerce schema**\n\n```sql\n-- Table for products\nCREATE TABLE products (\n    product_id INT PRIMARY KEY AUTO_INCREMENT,\n    name VARCHAR(255) NOT NULL,\n    description TEXT,\n    price DECIMAL(10, 2) NOT NULL\n);\n\n-- Table for customers\nCREATE TABLE customers (\n    customer_id INT PRIMARY KEY AUTO_INCREMENT,\n    first_name VARCHAR(100) NOT NULL,\n    last_name VARCHAR(100) NOT NULL,\n    email VARCHAR(255) UNIQUE NOT NULL\n);\n\n-- Table for orders\nCREATE TABLE orders (\n    order_id INT PRIMARY KEY AUTO_INCREMENT,\n    customer_id INT NOT NULL,\n    order_date DATETIME DEFAULT CURRENT_TIMESTAMP,\n    total_amount DECIMAL(10, 2) NOT NULL,\n    FOREIGN KEY (customer_id) REFERENCES customers(customer_id)\n);\n\n-- Table for order items (linking orders and products)\nCREATE TABLE order_items (\n    order_item_id INT PRIMARY KEY AUTO_INCREMENT,\n    order_id INT NOT NULL,\n    product_id INT NOT NULL,\n    quantity INT NOT NULL,\n    price_at_time DECIMAL(10, 2) NOT NULL,\n    FOREIGN KEY (order_id) REFERENCES orders(order_id),\n    FOREIGN KEY (product_id) REFERENCES products(product_id)\n);\n```\n\n***\n\n### Database Systems\n\n**What are database systems?**\n\nA database system (DBMS - Database Management System) is software that allows users to create, maintain, and access databases. It acts as an interface between the user and the database, providing tools for data definition, manipulation, and control.\n\n**Types of Database Systems:**\n\n*   **Relational Database Management Systems (RDBMS):** The most common type, organizing data into tables with predefined relationships (e.g., MySQL, PostgreSQL, SQL Server, Oracle).\n*   **NoSQL Databases:** Offer more flexible schemas and are designed for large-scale data (e.g., MongoDB, Cassandra, Redis).\n\n**Example: A simple query in a relational database system (SQL)**\n\nThis query retrieves the names of customers who have placed orders.\n\n```sql\nSELECT DISTINCT c.first_name, c.last_name\nFROM customers c\nJOIN orders o ON c.customer_id = o.customer_id;\n```	2026-03-14 18:04:48.291145	assistant	2026-03-14 18:04:48.291145	\N	\N	\N
132	56	Difference between SQL and NoSQL?	2026-03-14 18:05:02.864259	user	2026-03-14 18:05:02.864259	\N	\N	\N
133	56	Difference between SQL and NoSQL?	2026-03-14 18:05:02.87237	user	2026-03-14 18:05:02.87237	\N	\N	\N
134	56	Difference between SQL and NoSQL?	2026-03-14 18:05:04.675687	user	2026-03-14 18:05:04.675687	\N	\N	\N
135	56	Difference between SQL and NoSQL?	2026-03-14 18:05:04.684292	user	2026-03-14 18:05:04.684292	\N	\N	\N
158	73	adasd	2026-03-14 19:37:17.635014	user	2026-03-14 19:37:17.635014	\N	\N	\N
162	76	ert	2026-03-14 19:56:06.485417	user	2026-03-14 19:56:06.485417	\N	\N	\N
163	76	ert	2026-03-14 19:56:06.570295	user	2026-03-14 19:56:06.570295	\N	\N	\N
164	76	Here's a concise guide on Seed Data, Schema Design, and Database Systems, presented by your Database TA.\n\n---\n\n### 1. Seed Data\n\n**Definition:** Initial data populating a database, crucial for testing, development, and ensuring application functionality.\n\n**Purpose:**\n*   **Development:** Provides realistic data for building and debugging features.\n*   **Testing:** Enables comprehensive test case execution.\n*   **Initial State:** Sets up the database with essential configurations or default values.\n\n**Example (SQL):**\n\n```sql\n-- Inserting sample users\nINSERT INTO users (username, email, created_at) VALUES\n('alice', 'alice@example.com', NOW()),\n('bob', 'bob@example.com', NOW());\n\n-- Inserting sample products\nINSERT INTO products (name, price, description) VALUES\n('Laptop', 1200.00, 'Powerful and portable'),\n('Mouse', 25.50, 'Ergonomic wireless mouse');\n```\n\n---\n\n### 2. Schema Design\n\n**Definition:** The blueprint of a database, defining its structure, tables, columns, relationships, and constraints.\n\n**Key Principles:**\n*   **Normalization:** Reducing data redundancy and improving data integrity.\n*   **Entity-Relationship (ER) Modeling:** Visual representation of entities and their relationships.\n*   **Data Types:** Choosing appropriate types for columns (e.g., `INT`, `VARCHAR`, `DATETIME`).\n*   **Primary Keys (PK):** Uniquely identifying each record in a table.\n*   **Foreign Keys (FK):** Establishing relationships between tables.\n*   **Constraints:** Enforcing data rules (e.g., `NOT NULL`, `UNIQUE`, `CHECK`).\n\n**Example (SQL `CREATE TABLE`):**\n\n```sql\n-- Table for users\nCREATE TABLE users (\n    user_id INT AUTO_INCREMENT PRIMARY KEY,\n    username VARCHAR(50) NOT NULL UNIQUE,\n    email VARCHAR(100) NOT NULL UNIQUE,\n    created_at TIMESTAMP DEFAULT CURRENT_TIMESTAMP\n);\n\n-- Table for products\nCREATE TABLE products (\n    product_id INT AUTO_INCREMENT PRIMARY KEY,\n    name VARCHAR(255) NOT NULL,\n    price DECIMAL(10, 2) NOT NULL CHECK (price >= 0),\n    description TEXT\n);\n\n-- Table for orders (demonstrates relationship)\nCREATE TABLE orders (\n    order_id INT AUTO_INCREMENT PRIMARY KEY,\n    user_id INT,\n    order_date DATETIME DEFAULT CURRENT_TIMESTAMP,\n    total_amount DECIMAL(10, 2),\n    FOREIGN KEY (user_id) REFERENCES users(user_id)\n);\n```\n\n---\n\n### 3. Database Systems\n\n**Definition:** Software used to manage databases. They provide mechanisms for creating, maintaining, and accessing data.\n\n**Categories:**\n*   **Relational Database Management Systems (RDBMS):** Based on the relational model (tables, rows, columns). Examples: PostgreSQL, MySQL, SQL Server, Oracle.\n*   **NoSQL Databases:** Non-relational, offering flexible schemas and horizontal scalability. Examples: MongoDB (document), Redis (key-value), Cassandra (column-family).\n\n**Key Components/Concepts:**\n*   **Data Definition Language (DDL):** For defining database structure (`CREATE`, `ALTER`, `DROP`).\n*   **Data Manipulation Language (DML):** For managing data (`INSERT`, `SELECT`, `UPDATE`, `DELETE`).\n*   **Transactions:** A sequence of operations treated as a single unit, ensuring atomicity, consistency, isolation, and durability (ACID properties).\n*   **Indexing:** Data structures to speed up data retrieval.\n*   **Query Optimization:** Algorithms to find the most efficient way to execute queries.\n\n**Example (SQL Query - DML):**\n\n```sql\n-- Selecting all users\nSELECT * FROM users;\n\n-- Selecting products cheaper than $50\nSELECT name, price FROM products WHERE price < 50.00;\n\n-- Updating a user's email\nUPDATE users SET email = 'new.alice@example.com' WHERE username = 'alice';\n\n-- Deleting an order\nDELETE FROM orders WHERE order_id = 101;\n```	2026-03-14 19:56:10.638066	assistant	2026-03-14 19:56:10.638066	\N	\N	\N
140	59	asdasd	2026-03-14 18:38:46.905486	user	2026-03-14 18:38:46.905486	\N	\N	\N
141	59	asdasd	2026-03-14 18:38:46.987487	user	2026-03-14 18:38:46.987487	\N	\N	\N
172	88	Absolutely! I'm ready to help you understand and master database concepts. Let's dive in!\n\n---\n\n### Welcome!\n\nAs your Database Teaching Assistant, I'm here to guide you through the intricacies of database design, data management, and performance tuning. Whether you're grappling with how to structure your tables, generate realistic test data, or speed up your queries, I've got you covered. My goal is to make these topics understandable and practical, equipping you with the knowledge to build robust and efficient data systems.\n\n---\n\n### My Expertise\n\n*   **Seed Data:**\n    *   Generating realistic test data for various scenarios.\n    *   Creating data factories and managing fixtures for reproducible testing.\n    *   Strategies for populating databases with meaningful information.\n*   **Schema Design:**\n    *   Normalization and denormalization techniques.\n    *   Effective indexing strategies for performance.\n    *   Understanding and implementing relationships (one-to-one, one-to-many, many-to-many).\n*   **Database Systems:**\n    *   SQL vs. NoSQL trade-offs and when to choose which.\n    *   Query optimization techniques for faster retrieval.\n    *   Performance tuning at the database and query level.\n\n---\n\n### How I Teach\n\n*   **Real-World Examples:** I'll use relatable scenarios to illustrate database concepts.\n*   **Executable Code:** You'll get practical code snippets in SQL, Ruby, or other relevant languages.\n*   **Digestible Chunks:** Complex topics will be broken down into easy-to-understand steps.\n*   **Best Practices & Pitfalls:** I'll highlight what to do and what to avoid.\n*   **Clear Formatting:** Markdown with syntax highlighting will make code and explanations easy to read.\n\n---\n\nI'm looking forward to our sessions. Feel free to ask me anything about databases! Let's get started.	2026-03-14 20:20:05.595634	assistant	2026-03-14 20:20:05.595634	\N	\N	\N
182	91	qwe	2026-03-15 12:52:26.931145	user	2026-03-15 12:52:26.931145	\N	\N	\N
187	94	SQ	2026-03-15 12:59:48.193663	user	2026-03-15 12:59:48.193663	\N	\N	\N
188	94	SQ	2026-03-15 12:59:48.246174	user	2026-03-15 12:59:48.246174	\N	\N	\N
189	94	Hello! I'm your Database Teaching Assistant, ready to help you master Seed Data, Schema Design, and Database Systems, especially within the Rails ecosystem. Let's dive into your questions!\n\n***\n\n### **Seed Data: Realistic Test Data with Faker**\n\nSeed data is crucial for populating your database with realistic information for development and testing. While simple arrays of data can work for basic scenarios, using a gem like `Faker` allows you to generate dynamic and varied data, making your tests more robust and your development environment more representative of real-world usage.\n\nHere's how you can use `Faker` to generate more realistic seed data for a `User` model:\n\n```ruby\n# db/seeds.rb\n\n# Require the Faker gem\nrequire 'faker'\n\n# Clear existing data to start fresh (optional, but good for development seeds)\nputs "Clearing existing users..."\nUser.destroy_all\n\nputs "Seeding users..."\n\n# Create 100 fake users\n100.times do\n  User.create!(\n    email: Faker::Internet.unique.email, # Generates a unique, realistic email address\n    name: Faker::Name.name,              # Generates a full name\n    password: 'password123',             # A common, simple password for testing\n    bio: Faker::Lorem.paragraph(sentence_count: 3) # Generates a short paragraph for the bio\n  )\nend\n\nputs "Seeded 100 users."\n\n# Example for another model, like a 'Post'\nputs "Seeding posts..."\nusers = User.all\n100.times do\n  Post.create!(\n    title: Faker::Book.title,           # Generates a book title as a post title\n    body: Faker::Lorem.paragraph(sentence_count: 5), # Generates a longer paragraph for the body\n    user: users.sample                    # Assigns a random user to the post\n  )\nend\nputs "Seeded 100 posts."\n```\n\n**Explanation:**\n\n*   `require 'faker'` makes the Faker gem's methods available.\n*   `Faker::Internet.unique.email` ensures each generated email is distinct, which is important for uniqueness constraints.\n*   `Faker::Name.name` and `Faker::Lorem.paragraph` provide human-readable text.\n*   `users.sample` is a convenient ActiveRecord method to grab a random user from the collection.\n\n**Pro Tip:** For very large datasets or performance-critical seeding, consider using `User.insert_all` or `Post.insert_all` in conjunction with `Faker`. This bypasses ActiveRecord callbacks and validations for faster bulk insertions. Remember to handle validations separately if needed.	2026-03-15 12:59:53.212032	assistant	2026-03-15 12:59:53.212032	\N	\N	\N
198	96	It looks like you're interested in **Seed Data**! That's a crucial part of setting up your database for development, testing, and even some production scenarios.\n\nSeed data refers to the initial set of records you populate your database with. This is often used to:\n\n*   **Bootstrap your application:** Provide default or essential data (e.g., admin users, configuration settings).\n*   **Facilitate development:** Quickly add realistic data to test features without manual entry.\n*   **Aid testing:** Create predictable data for unit and integration tests.\n\nHere's how you can generate some realistic seed data for a `User` model using the `Faker` gem efficiently:\n\n```ruby\n# db/seeds.rb\n\n# First, clear out any existing data to ensure a clean slate for seeding\nUser.destroy_all\nPost.destroy_all # Assuming you also have a Post model\n\n# Define the number of users you want to create\nnum_users = 50\n\n# Use Faker to generate a collection of user data\nusers_data = Array.new(num_users) do |i|\n  {\n    name: Faker::Name.name,\n    email: Faker::Internet.unique.email, # `unique` ensures no duplicate emails\n    password: 'password123', # A common default password for seeded users\n    created_at: Faker::Time.between(from: 1.year.ago, to: Time.current), # Realistic creation times\n    updated_at: Time.current\n  }\nend\n\n# Use insert_all for a single, efficient database query\n# This is significantly faster than creating each user individually with User.create!\nUser.insert_all(users_data)\n\nputs "Seeded #{num_users} users."\n\n# You can do the same for other models, for example, Posts\nnum_posts = 200\n# Fetch existing user IDs to associate posts with users\nuser_ids = User.pluck(:id)\n\nposts_data = Array.new(num_posts) do\n  {\n    title: Faker::Lorem.sentence(word_count: 5),\n    content: Faker::Lorem.paragraphs(number: 3).join("\\n\\n"),\n    user_id: user_ids.sample, # Randomly assign a user_id from the seeded users\n    created_at: Faker::Time.between(from: 1.month.ago, to: Time.current),\n    updated_at: Time.current\n  }\nend\n\nPost.insert_all(posts_data)\n\nputs "Seeded #{num_posts} posts."\n```\n\n**To run this seed data:**\n\n1.  Make sure you have the `faker` gem in your `Gemfile` (`gem 'faker'`) and run `bundle install`.\n2.  Save the code above into your `db/seeds.rb` file.\n3.  Run `rails db:seed` in your terminal.\n\n---\n\n**Pro Tip:** For larger datasets or more complex relationships, consider using **factories** (like those provided by the `factory_bot_rails` gem). Factories offer more flexibility and readability, especially when dealing with associations and custom attributes, making your seed data generation more robust and maintainable.	2026-03-15 13:05:31.846158	assistant	2026-03-15 13:05:31.846158	\N	\N	\N
211	99	schema	2026-03-15 13:20:31.976132	user	2026-03-15 13:20:31.976132	\N	\N	\N
212	99	schema	2026-03-15 13:20:32.065708	user	2026-03-15 13:20:32.065708	\N	\N	\N
213	99	Hello there! I'm your Senior Database Teacher, ready to help you master database setup, seed data, and configuration. Let's get your databases humming! What can I assist you with today?	2026-03-15 13:20:33.598024	assistant	2026-03-15 13:20:33.598024	\N	\N	\N
201	96	As a database teaching assistant, my primary focus is on **database systems, schema design, and seed data** within the context of applications, most commonly those built with frameworks like Ruby on Rails. I don't directly create or manipulate files in arbitrary formats like XML.\n\nHowever, I can explain **how you might generate XML data programmatically**, often in conjunction with your database. This is a common task for data export or API responses.\n\nHere's how you can generate XML using Ruby, which you might do after fetching data from your database:\n\n```ruby\nrequire 'builder' # This gem is usually included in Rails, or you can gem install builder\n\n# --- Example Data (Imagine this comes from your database) ---\nusers = [\n  { id: 1, name: "Alice Smith", email: "alice@example.com" },\n  { id: 2, name: "Bob Johnson", email: "bob@example.com" }\n]\n\nposts = [\n  { id: 101, title: "My First Post", content: "This is the content of my first post.", user_id: 1 },\n  { id: 102, title: "Database Fun", content: "Learning about seeds and schemas.", user_id: 2 },\n  { id: 103, title: "XML Generation", content: "Creating XML for data export.", user_id: 1 }\n]\n\n# --- XML Generation ---\n\n# Use a Builder object to construct the XML\nxml_output = Builder::XmlMarkup.new(indent: 2) # `indent: 2` makes it human-readable\n\nxml_output.instruct! :xml, version: "1.0" # Add the XML declaration\n\nxml_output.root_element do |xml| # Define your root element\n  xml.users do |users_node|\n    users.each do |user|\n      users_node.user do |user_node|\n        user_node.id user[:id]\n        user_node.name user[:name]\n        user_node.email user[:email]\n      end\n    end\n  end\n\n  xml.posts do |posts_node|\n    posts.each do |post|\n      posts_node.post do |post_node|\n        post_node.id post[:id]\n        post_node.title post[:title]\n        post_node.content post[:content]\n        post_node.user_id post[:user_id]\n      end\n    end\n  end\nend\n\n# `xml_output.target!` will return the generated XML string\nputs xml_output.target!\n```\n\n**Explanation:**\n\n1.  **`require 'builder'`**: This line ensures you have access to the `Builder` gem, which provides a convenient way to construct XML (and HTML). In a Rails application, this is often available by default.\n2.  **`Builder::XmlMarkup.new(indent: 2)`**: We create a new `XmlMarkup` object. The `indent: 2` option is for pretty-printing the XML, making it easier to read.\n3.  **`xml_output.instruct! :xml, version: "1.0"`**: This generates the standard XML declaration at the beginning of the file.\n4.  **`xml_output.root_element do |xml| ... end`**: This block defines your top-level element (e.g., `<root_element>`). Inside this block, you can define nested elements.\n5.  **`users_node.user do |user_node| ... end`**: For each user record, we create a `<user>` element.\n6.  **`user_node.id user[:id]`**: Inside each user element, we create child elements like `<id>`, `<name>`, and `<email>`, populating them with data from our `users` array.\n\n---\n\n**Pro Tip:** When exporting data to XML, consider using a dedicated XML serialization library if your data structures become very complex. However, for many common scenarios, `Builder` is an excellent and straightforward choice.	2026-03-15 13:06:04.243105	assistant	2026-03-15 13:06:04.243105	\N	\N	\N
207	97	It looks like you're interested in creating an XML file that represents a one-to-many (1:N) relationship between database entities. This is a common task when exporting data for reporting, integrations, or backups.\n\nHere's how you can generate an XML file representing a 1:N relationship, using a common scenario of `Authors` and their `Books`.\n\n### Explanation\n\nWhen dealing with a 1:N relationship in XML, you typically want to represent the "one" side as a parent element and then nest the "many" side as child elements within it. For example, an `<author>` element might contain multiple `<book>` elements.\n\n### Ruby Code Example (Rails)\n\nLet's assume you have two Rails models: `Author` and `Book`, where an `Author` has many `Books`.\n\n```ruby\n# app/models/author.rb\nclass Author < ApplicationRecord\n  has_many :books\nend\n\n# app/models/book.rb\nclass Book < ApplicationRecord\n  belongs_to :author\nend\n```\n\nNow, here's how you can generate an XML file that lists authors and their associated books:\n\n```ruby\n# In a Rails console or a dedicated script:\n\n# Fetch authors and their associated books.\n# The `includes(:books)` is crucial to avoid N+1 queries\n# and fetch all books for each author efficiently.\nauthors = Author.includes(:books).limit(3) # Limiting for brevity\n\n# Use Rails' built-in `to_xml` method for serialization.\n# We'll customize the root element and how associations are handled.\nxml_output = authors.to_xml(\n  root: 'authors_with_books', # The main root element for our XML\n  skip_instruct: false,      # Include the XML declaration <?xml version="1.0" encoding="UTF-8"?>\n  dasherize: false,          # Keep attribute names as they are in the model (e.g., 'first_name' instead of 'first-name')\n  children_root: 'books'     # Specifies the root element name for the association's collection\n)\n\nputs xml_output\n```\n\n### XML Output Example\n\nRunning the code above would generate XML similar to this:\n\n```xml\n<?xml version="1.0" encoding="UTF-8"?>\n<authors_with_books>\n  <author>\n    <id>1</id>\n    <name>Jane Austen</name>\n    <created-at type="datetime">2023-01-15T10:00:00Z</created-at>\n    <updated-at type="datetime">2023-01-15T10:00:00Z</updated-at>\n    <books> <!-- This element contains the collection of books for this author -->\n      <book>\n        <id>101</id>\n        <title>Pride and Prejudice</title>\n        <author-id type="integer">1</author-id>\n        <created-at type="datetime">2023-01-15T11:00:00Z</created-at>\n        <updated-at type="datetime">2023-01-15T11:00:00Z</updated-at>\n      </book>\n      <book>\n        <id>102</id>\n        <title>Sense and Sensibility</title>\n        <author-id type="integer">1</author-id>\n        <created-at type="datetime">2023-01-15T11:05:00Z</created-at>\n        <updated-at type="datetime">2023-01-15T11:05:00Z</updated-at>\n      </book>\n    </books>\n  </author>\n  <author>\n    <id>2</id>\n    <name>Charles Dickens</name>\n    <created-at type="datetime">2023-01-15T10:05:00Z</created-at>\n    <updated-at type="datetime">2023-01-15T10:05:00Z</updated-at>\n    <books>\n      <book>\n        <id>103</id>\n        <title>Oliver Twist</title>\n        <author-id type="integer">2</author-id>\n        <created-at type="datetime">2023-01-15T11:10:00Z</created-at>\n        <updated-at type="datetime">2023-01-15T11:10:00Z</updated-at>\n      </book>\n    </books>\n  </author>\n  <!-- More authors and their books... -->\n</authors_with_books>\n```\n\n### Pro Tip\n\nWhen generating XML from collections with associations (1:N or M:N), always use `includes` or `preload` in your ActiveRecord query. This prevents the "N+1 query problem," where your application makes a separate database query for each "many" record, leading to poor performance. The `to_xml` method will then efficiently use the pre-loaded associations.	2026-03-15 13:08:32.817284	assistant	2026-03-15 13:08:32.817284	\N	\N	\N
210	98	Hello! I'm your Database Teaching Assistant, ready to help you master seed data, schema design, and database systems. Let's dive in!\n\nWhat database topic can I assist you with today? Are you looking to:\n\n*   **Generate realistic seed data** for testing or development?\n*   **Design or refine your database schema**, including migrations and associations?\n*   **Understand specific database systems** like PostgreSQL, MySQL, or SQLite?\n*   **Optimize your Rails database interactions**, like avoiding N+1 queries?\n*   **Export or import data** in formats like XML, CSV, or JSON?\n\nJust let me know what's on your mind!	2026-03-15 13:14:28.57487	assistant	2026-03-15 13:14:28.57487	\N	\N	\N
219	99	It seems like you might have accidentally sent "lk" multiple times. Is there anything specific you'd like to ask or discuss about database setup, seed data, or configuration? I'm here and ready to help!	2026-03-15 13:21:47.160386	assistant	2026-03-15 13:21:47.160386	\N	\N	\N
\.


--
-- Data for Name: schema_migrations; Type: TABLE DATA; Schema: public; Owner: joanadias
--

COPY public.schema_migrations (version) FROM stdin;
20260312230222
20260312224827
20260312223446
20260312220426
20260312214807
20260312191525
20260312190857
20260312190358
20260313184732
20260313194534
20260313194542
20260314181329
20260314181330
20260314191605
20260315132740
\.


--
-- Data for Name: stacks; Type: TABLE DATA; Schema: public; Owner: joanadias
--

COPY public.stacks (id, content, created_at, description, icon, name, title, updated_at) FROM stdin;
1	\N	2026-03-13 19:47:41.379791	Learn about seeds and fixtures	🌱	🌱 Seed Data	🌱 Seed Data	2026-03-13 21:05:10.461219
2	\N	2026-03-13 19:47:41.38632	Learn about migrations and indexes	🏗️	🏗️ Schema Design	🏗️ Schema Design	2026-03-13 21:05:10.465264
3	\N	2026-03-13 19:47:41.38748	Learn about SQL and NoSQL	💾	💾 Database Systems	💾 Database Systems	2026-03-13 21:05:10.466235
\.


--
-- Data for Name: users; Type: TABLE DATA; Schema: public; Owner: joanadias
--

COPY public.users (id, created_at, email, encrypted_password, remember_created_at, reset_password_sent_at, reset_password_token, updated_at) FROM stdin;
1	2026-03-13 19:36:18.85199	teste1@teste.com	$2a$12$ZUQ1oyWkkGQ.DAjkV35LyOrPKazGi/9h5iclZJLKg7zP8VMPW.sUy	\N	\N	\N	2026-03-13 19:36:18.85199
2	2026-03-13 21:25:15.67431	teste2@teste.com	$2a$12$CY4LrueKjjwgxQo4PXTafObRWRc.bFan9ZfGycfsEtni02SkCeLZq	\N	\N	\N	2026-03-13 21:25:15.67431
3	2026-03-14 15:14:57.480539	teste5@teste.com	$2a$12$m3FnqHS9d6F7NjGYdgZDMu702lKxa4SPJXIF2AgZZIwyqtP3VHo7.	\N	\N	\N	2026-03-14 15:14:57.480539
4	2026-03-14 16:40:13.469524	teste6@teste.com	$2a$12$Z8DkGb0eHx0njYOJYwE.GumT4XJajq6MzWa1EszWy0hGfOnRoy3zG	\N	\N	\N	2026-03-14 16:40:13.469524
5	2026-03-14 17:06:50.384726	teste8@teste.com	$2a$12$OGd5AbTDyFBYhG5FC0f6deDvI.HGlMEFF2tWNJsLBiJXhY2ZvPDAu	\N	\N	\N	2026-03-14 17:06:50.384726
6	2026-03-14 17:17:30.972755	teste10@teste.com	$2a$12$sDRI53z49mP6UV/NLtWPRuC5hVFboddDRAxNrpnmfF2g/RaAYjsO2	\N	\N	\N	2026-03-14 17:17:30.972755
7	2026-03-14 17:19:33.050563	teste11@teste.com	$2a$12$la4iBdnUiQ5TYu0vBhSjd.xPj03gDIN/ALqpNzdxNvQ6dW5ZTh1Ve	\N	\N	\N	2026-03-14 17:19:33.050563
8	2026-03-15 11:05:22.345623	teste15@teste.com	$2a$12$n8Kf9Dqc7JbXs4rQulMYdOjgXr9SyvKeZtDCHldsUWItrFCc5NClC	\N	\N	\N	2026-03-15 11:05:22.345623
9	2026-03-15 13:14:20.389471	teste30@teste.com	$2a$12$DEdABNicl4QZW41Hh6glYOghTHCatUtnYz0rItxAhDhLqUG/Bh3ji	\N	\N	\N	2026-03-15 13:14:20.389471
10	2026-03-15 13:20:22.68807	teste40@teste.com	$2a$12$UXvxCQsH3KbcAIZ0pHjGEe4lyASC2NnrzjCD87Hg9ICOEilxg1vu2	\N	\N	\N	2026-03-15 13:20:22.68807
\.


--
-- Name: api_rate_limits_id_seq; Type: SEQUENCE SET; Schema: public; Owner: joanadias
--

SELECT pg_catalog.setval('public.api_rate_limits_id_seq', 3, true);


--
-- Name: chats_id_seq; Type: SEQUENCE SET; Schema: public; Owner: joanadias
--

SELECT pg_catalog.setval('public.chats_id_seq', 99, true);


--
-- Name: failed_api_calls_id_seq; Type: SEQUENCE SET; Schema: public; Owner: joanadias
--

SELECT pg_catalog.setval('public.failed_api_calls_id_seq', 12, true);


--
-- Name: messages_id_seq; Type: SEQUENCE SET; Schema: public; Owner: joanadias
--

SELECT pg_catalog.setval('public.messages_id_seq', 219, true);


--
-- Name: stacks_id_seq; Type: SEQUENCE SET; Schema: public; Owner: joanadias
--

SELECT pg_catalog.setval('public.stacks_id_seq', 3, true);


--
-- Name: users_id_seq; Type: SEQUENCE SET; Schema: public; Owner: joanadias
--

SELECT pg_catalog.setval('public.users_id_seq', 10, true);


--
-- Name: api_rate_limits api_rate_limits_pkey; Type: CONSTRAINT; Schema: public; Owner: joanadias
--

ALTER TABLE ONLY public.api_rate_limits
    ADD CONSTRAINT api_rate_limits_pkey PRIMARY KEY (id);


--
-- Name: ar_internal_metadata ar_internal_metadata_pkey; Type: CONSTRAINT; Schema: public; Owner: joanadias
--

ALTER TABLE ONLY public.ar_internal_metadata
    ADD CONSTRAINT ar_internal_metadata_pkey PRIMARY KEY (key);


--
-- Name: chats chats_pkey; Type: CONSTRAINT; Schema: public; Owner: joanadias
--

ALTER TABLE ONLY public.chats
    ADD CONSTRAINT chats_pkey PRIMARY KEY (id);


--
-- Name: failed_api_calls failed_api_calls_pkey; Type: CONSTRAINT; Schema: public; Owner: joanadias
--

ALTER TABLE ONLY public.failed_api_calls
    ADD CONSTRAINT failed_api_calls_pkey PRIMARY KEY (id);


--
-- Name: messages messages_pkey; Type: CONSTRAINT; Schema: public; Owner: joanadias
--

ALTER TABLE ONLY public.messages
    ADD CONSTRAINT messages_pkey PRIMARY KEY (id);


--
-- Name: schema_migrations schema_migrations_pkey; Type: CONSTRAINT; Schema: public; Owner: joanadias
--

ALTER TABLE ONLY public.schema_migrations
    ADD CONSTRAINT schema_migrations_pkey PRIMARY KEY (version);


--
-- Name: stacks stacks_pkey; Type: CONSTRAINT; Schema: public; Owner: joanadias
--

ALTER TABLE ONLY public.stacks
    ADD CONSTRAINT stacks_pkey PRIMARY KEY (id);


--
-- Name: api_rate_limits unique_service_model_metric; Type: CONSTRAINT; Schema: public; Owner: joanadias
--

ALTER TABLE ONLY public.api_rate_limits
    ADD CONSTRAINT unique_service_model_metric UNIQUE (service_name, api_model_name, metric_name);


--
-- Name: users users_pkey; Type: CONSTRAINT; Schema: public; Owner: joanadias
--

ALTER TABLE ONLY public.users
    ADD CONSTRAINT users_pkey PRIMARY KEY (id);


--
-- Name: idx_api_rate_limits_next_allowed; Type: INDEX; Schema: public; Owner: joanadias
--

CREATE INDEX idx_api_rate_limits_next_allowed ON public.api_rate_limits USING btree (next_allowed_at);


--
-- Name: idx_failed_calls_next_retry; Type: INDEX; Schema: public; Owner: joanadias
--

CREATE INDEX idx_failed_calls_next_retry ON public.failed_api_calls USING btree (next_retry_at) WHERE ((status)::text = 'pending'::text);


--
-- Name: idx_failed_calls_status; Type: INDEX; Schema: public; Owner: joanadias
--

CREATE INDEX idx_failed_calls_status ON public.failed_api_calls USING btree (status);


--
-- Name: index_chats_on_stack_id; Type: INDEX; Schema: public; Owner: joanadias
--

CREATE INDEX index_chats_on_stack_id ON public.chats USING btree (stack_id);


--
-- Name: index_chats_on_user_id; Type: INDEX; Schema: public; Owner: joanadias
--

CREATE INDEX index_chats_on_user_id ON public.chats USING btree (user_id);


--
-- Name: index_messages_on_chat_id; Type: INDEX; Schema: public; Owner: joanadias
--

CREATE INDEX index_messages_on_chat_id ON public.messages USING btree (chat_id);


--
-- Name: index_users_on_email; Type: INDEX; Schema: public; Owner: joanadias
--

CREATE UNIQUE INDEX index_users_on_email ON public.users USING btree (email);


--
-- Name: index_users_on_reset_password_token; Type: INDEX; Schema: public; Owner: joanadias
--

CREATE UNIQUE INDEX index_users_on_reset_password_token ON public.users USING btree (reset_password_token);


--
-- Name: failed_api_calls failed_api_calls_user_id_fkey; Type: FK CONSTRAINT; Schema: public; Owner: joanadias
--

ALTER TABLE ONLY public.failed_api_calls
    ADD CONSTRAINT failed_api_calls_user_id_fkey FOREIGN KEY (user_id) REFERENCES public.users(id);


--
-- Name: messages fk_rails_0f670de7ba; Type: FK CONSTRAINT; Schema: public; Owner: joanadias
--

ALTER TABLE ONLY public.messages
    ADD CONSTRAINT fk_rails_0f670de7ba FOREIGN KEY (chat_id) REFERENCES public.chats(id);


--
-- Name: chats fk_rails_e555f43151; Type: FK CONSTRAINT; Schema: public; Owner: joanadias
--

ALTER TABLE ONLY public.chats
    ADD CONSTRAINT fk_rails_e555f43151 FOREIGN KEY (user_id) REFERENCES public.users(id);


--
-- Name: chats fk_rails_ea7a8c35bd; Type: FK CONSTRAINT; Schema: public; Owner: joanadias
--

ALTER TABLE ONLY public.chats
    ADD CONSTRAINT fk_rails_ea7a8c35bd FOREIGN KEY (stack_id) REFERENCES public.stacks(id);


--
-- PostgreSQL database dump complete
--

\unrestrict j795dqD1CVdfHAQDAjGhvHUsiNjKN3Y6yYncaRrLV3t1XiV9JhMFfHXQmokjIov

